work_id,title,release,module,risk,size,depends_on,files,verification
CORE-REPOBUIL-CICD-TUW-001,pnpm+turborepo 모노레포 skeleton 및 dev compose(PG16+MinIO) 구성,R0,CORE-REPOBUIL-CICD,M,M,,package.json;pnpm-workspace.yaml;turbo.json;infra/docker-compose.dev.yml;AGENTS.md,신규 클론 pnpm install 성공 AND compose로 postgres16·minio healthy AND AGENTS.md가 90 템플릿과 일치
CORE-REPOBUIL-CICD-TUW-002,apps/api·apps/web·packages/shared·domain·ai(placeholder)·workers/ingestion 패키지 분리,R0,CORE-REPOBUIL-CICD,M,M,CORE-REPOBUIL-CICD-TUW-001,apps/api/src/main.ts;apps/web/src/app/layout.tsx;packages/shared/src/index.ts;packages/domain/src/index.ts;packages/ai/src/index.ts;workers/ingestion/app/main.py,pnpm build 전 패키지 green AND packages/ai 구현체 0건(grep) AND packages/domain IO import 0건 AND /v1 prefix 스모크
CORE-REPOBUIL-CICD-TUW-003,lint·typecheck·test·build CI 파이프라인 구성,R0,CORE-REPOBUIL-CICD,M,M,CORE-REPOBUIL-CICD-TUW-002,.github/workflows/ci.yml;infra/ci/README.md;eslint.config.mjs,4단계 로컬 exit 0 AND PR 트리거 CI 동작·고의 실패 시 red 증명 AND 기존 verification 회귀 green
CORE-REPOBUIL-CICD-TUW-004,컨테이너 빌드·태깅까지의 staging 배포 파이프라인 skeleton,R0,CORE-REPOBUIL-CICD,M,S,CORE-REPOBUIL-CICD-TUW-003,apps/api/Dockerfile;apps/web/Dockerfile;workers/ingestion/Dockerfile;infra/ci/staging-deploy.yml,docker build 3종 성공 AND 파이프라인이 SHA 태깅 수행 AND 이미지 내 시크릿 미포함 AND CI 회귀 green
CORE-REPOBUIL-CICD-TUW-005,수동 승인 포함 production 배포 gate skeleton,R0,CORE-REPOBUIL-CICD,M,S,CORE-REPOBUIL-CICD-TUW-004,infra/ci/prod-gate.yml;infra/ci/PROD_GATE.md,수동 트리거 시 승인 대기 정지 증명 AND 승인 우회 경로 부재(정적 검토) AND 파이프라인 회귀 green
CORE-DATACORE-MIGR-TUW-001,PostgreSQL migration 도구 확정(SQL-first) 및 db:migrate/db:rollback 배선,R0,CORE-DATACORE-MIGR,H,M,CORE-REPOBUIL-CICD-TUW-001,db/migrations/README.md;tools/db/migrate.ts;db/migrations/0000_noop.sql,빈 DB migrate/rollback 왕복 exit 0 AND 재실행 멱등 AND 도구 결정 근거 기록 AND 회귀 green
CORE-DATACORE-MIGR-TUW-002,초기 스키마 마이그레이션: tenants·users·audit_events (tenant_id NOT NULL + FORCE RLS),R0,CORE-DATACORE-MIGR,H,M,CORE-DATACORE-MIGR-TUW-001,db/migrations/0001_initial_schema.sql,migrate green AND negative: tenant context 미설정/타 tenant 조회 0건(RLS) AND tenant_id NULL INSERT 거부 AND rollback 왕복 green
CORE-DATACORE-MIGR-TUW-003,데모 tenant 2개+사용자 fixture seed loader(멱등),R0,CORE-DATACORE-MIGR,M,S,CORE-DATACORE-MIGR-TUW-002,tools/db/seed.ts;tests/fixtures/seed/users.json,tenants 2·users 4 적재 AND 재실행 멱등 AND 비밀번호 해시 저장 AND production에서 실행 거부 AND 회귀 green
CORE-DATACORE-MIGR-TUW-004,migration rollback 절차 문서화 + 왕복 검증 CI 자동화,R0,CORE-DATACORE-MIGR,H,S,CORE-DATACORE-MIGR-TUW-003,db/migrations/ROLLBACK.md;infra/ci/scripts/migration-roundtrip.sh,migrate→전체 rollback→재migrate 왕복 green AND down 누락 감지 negative 증명 AND CI job green AND 회귀 green
CORE-DATACORE-MIGR-TUW-005,tenant_id+RLS 동반 규약 문서·TEMPLATE.sql·CI 위반 검사,R0,CORE-DATACORE-MIGR,H,M,CORE-DATACORE-MIGR-TUW-004,db/migrations/CONVENTIONS.md;db/migrations/TEMPLATE.sql;infra/ci/scripts/check-migration-conventions.sh,기존 마이그레이션 검사 통과 AND negative: tenant_id/RLS/예외주석 누락 fixture 3종 각 실패 AND CI green AND 회귀 green
CORE-TENACORE-TENACONT-TUW-001,tenant 엔티티·서비스 구현(NestJS tenant module 골격),R0,CORE-TENACORE-TENACONT,H,S,CORE-DATACORE-MIGR-TUW-002,apps/api/src/modules/tenant/tenant.module.ts;apps/api/src/modules/tenant/tenant.service.ts;packages/shared/src/types/tenant.ts,tenant 조회 unit green AND 부재 tenant 계약 명확 AND 회귀 green
CORE-TENACORE-TENACONT-TUW-002,tenant context middleware(ALS) + 트랜잭션별 SET LOCAL app.tenant_id 주입,R0,CORE-TENACORE-TENACONT,H,M,CORE-TENACORE-TENACONT-TUW-001,apps/api/src/modules/tenant/tenant-context.ts;apps/api/src/modules/tenant/tenant-context.middleware.ts;apps/api/src/common/db/tenant-aware-datasource.ts,context 전파 unit green AND negative: context 부재 시 쿼리 차단·비공개 경로 거부 AND SET LOCAL 주입 integration 확인 AND 회귀 green
CORE-TENACORE-TENACONT-TUW-003,"workspace model(테이블+RLS+서비스, tenant당 기본 1개)",R0,CORE-TENACORE-TENACONT,H,M,CORE-TENACORE-TENACONT-TUW-002,db/migrations/0002_workspaces.sql;apps/api/src/modules/tenant/workspace.service.ts,RLS 규약 검사 green AND 생성·조회 unit green AND negative: 타 tenant workspace 조회 0건 AND 마이그레이션 왕복 회귀 green
CORE-TENACORE-TENACONT-TUW-004,[C·사람 리뷰 필수] 전 등록 endpoint cross-tenant 접근 차단 integration 하네스,R0,CORE-TENACORE-TENACONT,C,M,CORE-TENACORE-TENACONT-TUW-003;CORE-DATACORE-MIGR-TUW-003;CORE-AUTHCORE-USERSESS-TUW-003;CORE-SECFOUND-FAILCLOSE-TUW-001,tests/integration/cross-tenant.spec.ts;tests/integration/helpers/tenant-fixtures.ts;tests/integration/rls-bypass.spec.ts,라우트 전수 순회 차단 실패 0건(negative 본질) AND 신규 라우트 자동 포함·공집합 통과 금지 AND RLS 직접 우회 거부 AND CI green AND 사람 리뷰 기록
CORE-TENACORE-TENACONT-TUW-005,GET /v1/tenant/settings 조회 API,R0,CORE-TENACORE-TENACONT,M,S,CORE-TENACORE-TENACONT-TUW-004,apps/api/src/modules/tenant/tenant.controller.ts;packages/shared/src/dto/tenant-settings.dto.ts,인증 시 자신 tenant 값 200 AND negative: 비인증 401 AUTH_REQUIRED AND DTO 화이트리스트 노출 AND cross-tenant 하네스 회귀 green
CORE-AUTHCORE-USERSESS-TUW-001,user 엔티티·서비스 구현(argon2id 해시 정책),R0,CORE-AUTHCORE-USERSESS,H,S,CORE-DATACORE-MIGR-TUW-002,apps/api/src/modules/user/user.service.ts;apps/api/src/modules/user/password.ts;packages/shared/src/types/user.ts,해시 round-trip unit green AND negative: 직렬화 시 password_hash 미노출 AND tenant 범위 email 유일성 AND 회귀 green
CORE-AUTHCORE-USERSESS-TUW-002,POST /v1/auth/login·logout + 서버측 sessions 테이블(httpOnly 쿠키),R0,CORE-AUTHCORE-USERSESS,H,M,CORE-AUTHCORE-USERSESS-TUW-001,db/migrations/0003_sessions.sql;apps/api/src/modules/auth/auth.controller.ts;apps/api/src/modules/auth/auth.service.ts,정상 로그인 쿠키 발급 AND negative: 무효 자격증명 동일 401(존재 비노출) AND logout 후 401 AND 로그에 비밀번호 미기록 AND 회귀 green
CORE-AUTHCORE-USERSESS-TUW-003,세션 검증 전역 가드 + 세션→tenant context 단일 출처 연결,R0,CORE-AUTHCORE-USERSESS,H,M,CORE-AUTHCORE-USERSESS-TUW-002,apps/api/src/modules/auth/session.guard.ts;apps/api/src/modules/auth/public.decorator.ts,유효 세션 200 AND negative: 무/만료/revoked/위조 세션 401·클라이언트 tenant 헤더 무력화 AND @Public allowlist 스냅샷 일치 AND 회귀 green
CORE-AUTHCORE-USERSESS-TUW-004,MFA flag 로그인 연결(fail-closed: TOTP 전 true면 로그인 거부),R0,CORE-AUTHCORE-USERSESS,M,S,CORE-AUTHCORE-USERSESS-TUW-003,apps/api/src/modules/auth/mfa.policy.ts;packages/shared/src/dto/auth.dto.ts,false 계정 정상 로그인 AND negative: true 계정 401+세션 row 0건 AND flag 즉시 반영 AND 회귀 green
CORE-AUTHCORE-USERSESS-TUW-005,"password reset skeleton(단회용 토큰, 메일 스텁, 존재 비노출)",R0,CORE-AUTHCORE-USERSESS,M,S,CORE-AUTHCORE-USERSESS-TUW-004,db/migrations/0004_password_reset_tokens.sql;apps/api/src/modules/auth/password-reset.service.ts;apps/api/src/modules/auth/mailer.stub.ts,request→confirm 변경 성공 AND negative: 만료/재사용/위조 토큰 거부·없는 email도 200 AND 기존 세션 전부 revoke AND 토큰 해시만 저장 AND 회귀 green
CORE-SECFOUND-FAILCLOSE-TUW-001,표준 error code 9종(09번 §4) + fail-closed 권한평가 래퍼·전역 예외 필터,R0,CORE-SECFOUND-FAILCLOSE,H,M,CORE-TENACORE-TENACONT-TUW-002,packages/shared/src/errors/error-codes.ts;apps/api/src/modules/permission/fail-closed.ts;apps/api/src/common/filters/global-exception.filter.ts,9종 코드·HTTP 매핑 unit green AND negative: 평가기 예외/timeout/undefined 전부 DENY AND 응답 내부정보 미노출 AND 회귀 green
CORE-SECFOUND-FAILCLOSE-TUW-002,fail-closed 강제오류 주입(fault injection) integration suite,R0,CORE-SECFOUND-FAILCLOSE,H,S,CORE-SECFOUND-FAILCLOSE-TUW-001,tests/integration/fail-closed-injection.spec.ts;tests/integration/helpers/fault-injector.ts,negative: 주입 5종 전부 403 PERMISSION_DENIED·2xx 0건 AND 응답 시간 상한 내 종료 AND 민감정보 미기록 AND 전체 suite 회귀 green
AUDIT-AUDIEVENCO-AUDILOGG-TUW-001,audit_events 스키마 보강(인덱스·metadata_json 화이트리스트 규약)+audit module 골격,R0,AUDIT-AUDIEVENCO-AUDILOGG,H,M,CORE-DATACORE-MIGR-TUW-002,db/migrations/0005_audit_events_hardening.sql;apps/api/src/modules/audit/audit-event.types.ts;packages/shared/src/types/audit.ts,migrate+인덱스 확인 AND negative: 화이트리스트 외 metadata 키 typecheck 실패·타 tenant audit 조회 0건 AND 마이그레이션 왕복 회귀 green
AUDIT-AUDIEVENCO-AUDILOGG-TUW-004,[C·사람 리뷰 필수] audit_events append-only: UPDATE/DELETE/TRUNCATE REVOKE+차단 trigger,R0,AUDIT-AUDIEVENCO-AUDILOGG,C,M,AUDIT-AUDIEVENCO-AUDILOGG-TUW-001,db/migrations/0006_audit_append_only.sql;tests/integration/audit-immutability.spec.ts,negative: UPDATE/DELETE/TRUNCATE×(직접 SQL·리포지토리) 전부 거부 AND INSERT/SELECT 정상 AND 변경 API 경로 부재 AND CI green AND 사람 리뷰 기록
CORE-OBSE-LOGGMETR-TUW-001,JSON 구조화 로거 + 민감정보 redaction 정책,R0,CORE-OBSE-LOGGMETR,M,M,CORE-REPOBUIL-CICD-TUW-002,apps/api/src/common/logging/logger.module.ts;apps/api/src/common/logging/logger.ts,JSON 1줄 포맷 확인 AND negative: password/token/cookie/본문 redact 테스트 AND 회귀 green
CORE-OBSE-LOGGMETR-TUW-002,request correlation id 생성·전파·응답 헤더 노출,R0,CORE-OBSE-LOGGMETR,L,S,CORE-OBSE-LOGGMETR-TUW-001,apps/api/src/common/logging/correlation.middleware.ts,동일 요청 전 로그 동일 requestId+응답 헤더 AND 비정형 외부 id 폐기(negative) AND 회귀 green
CORE-OBSE-LOGGMETR-TUW-003,"health endpoint(live/ready, DB ping)",R0,CORE-OBSE-LOGGMETR,L,S,CORE-OBSE-LOGGMETR-TUW-002,apps/api/src/modules/health/health.controller.ts,live 200 상시 AND DB 정지 시 ready 503·기동 시 200 AND 내부 정보 미노출 AND 공개 allowlist 정합 회귀 green
CORE-OBSE-LOGGMETR-TUW-004,Prometheus /metrics endpoint(HTTP 기본 지표),R0,CORE-OBSE-LOGGMETR,L,S,CORE-OBSE-LOGGMETR-TUW-003,apps/api/src/common/metrics/metrics.middleware.ts;apps/api/src/common/metrics/metrics.controller.ts,지표 증가 확인 AND negative: 라벨에 tenant/user/email/원시 URL 미포함 AND 회귀 green
CORE-OBSE-LOGGMETR-TUW-005,"error tracking hook 인터페이스(외부 전송 기본 비활성, 로그 어댑터)",R0,CORE-OBSE-LOGGMETR,M,S,CORE-OBSE-LOGGMETR-TUW-004,apps/api/src/common/errors/error-tracker.ts,강제 예외 시 tracker 1회 호출+requestId AND negative: 페이로드에 본문/쿠키/비밀번호 미포함 AND tracker 예외가 응답 불파괴 AND 회귀 green
CORE-FESHELL-APPSHELL-TUW-001,Next.js app shell·(auth)/(app) 라우트 그룹·/v1 API 클라이언트 골격,R0,CORE-FESHELL-APPSHELL,M,M,CORE-REPOBUIL-CICD-TUW-002;CORE-AUTHCORE-USERSESS-TUW-002,apps/web/src/app/(auth)/layout.tsx;apps/web/src/app/(app)/dashboard/page.tsx;apps/web/src/lib/api-client.ts,web build green+(auth)/(app) 라우트 존재 AND api-client 표준 error code 파싱 unit AND 전체 build 회귀 green
CORE-FESHELL-APPSHELL-TUW-002,디자인시스템 base: Tailwind+shadcn/ui 초기화·기본 컴포넌트·토큰,R0,CORE-FESHELL-APPSHELL,L,M,CORE-FESHELL-APPSHELL-TUW-001,apps/web/components.json;apps/web/tailwind.config.ts;apps/web/src/components/ui/button.tsx,build·lint green AND dashboard 컴포넌트 마운트 스모크 AND 회귀 green
CORE-FESHELL-APPSHELL-TUW-003,로그인 화면 + 미인증 보호 라우트 redirect guard(Next middleware),R0,CORE-FESHELL-APPSHELL,M,M,CORE-FESHELL-APPSHELL-TUW-002;CORE-AUTHCORE-USERSESS-TUW-003,apps/web/src/app/(auth)/login/page.tsx;apps/web/middleware.ts;apps/web/src/lib/auth.ts,로그인→dashboard·로그아웃→/login AND negative: 무쿠키 (app) 접근 redirect·401 시 /login 유도 AND 실패 메시지 존재 비노출 AND 회귀 green
DEVOPS-DOCSPKG-TRANSFER-TUW-001,vault_dev_package 21개 문서 docs/package 이관(read-only)+normative 선언+frozen CI 검사,R0,DEVOPS-DOCSPKG-TRANSFER,M,S,CORE-REPOBUIL-CICD-TUW-001,docs/package/README.md;infra/ci/scripts/check-docs-package-frozen.sh,21개 파일 원본 체크섬 일치 AND negative: 이관본 변경 시 frozen 검사 실패 증명 AND CI 회귀 green
DEVOPS-DOCSPKG-TRANSFER-TUW-002,"ADR-001~012 초안 작성(DEC-01~18·C-1~10 매핑, Status=proposed)",R0,DEVOPS-DOCSPKG-TRANSFER,M,L,DEVOPS-DOCSPKG-TRANSFER-TUW-001,docs/adr/README.md;docs/adr/ADR-001.md;docs/ledger/decision.md,12건 필수 섹션 충족 AND DEC/C 추적 인용 존재 AND 절대 금지 모순 0건 AND R0 Gate에서 사람 승인 후 accepted 전환
DEVOPS-BACKLOG-VALIDATE-TUW-001,백로그 csv/json 검증기: 스키마·ID 유일성·DAG 무순환·release 금지규칙(AI<R6 등)+CI gate,R0,DEVOPS-BACKLOG-VALIDATE,M,M,CORE-REPOBUIL-CICD-TUW-003,tools/backlog/validate.ts;tools/backlog/rules.ts;tools/backlog/fixtures/,정상 백로그 exit 0 AND negative: 위반 fixture 5종(중복 ID/유령 dep/순환/release 역전/AI-R2) 각 실패 AND CI green AND 회귀 green
AUDIT-AUDIEVENCO-AUDILOGG-TUW-002,audit logger service 구현,R1,AUDIT-AUDIEVENCO-AUDILOGG,H,M,AUDIT-AUDIEVENCO-AUDILOGG-TUW-001;AUDIT-AUDIEVENCO-AUDILOGG-TUW-004;CORE-TENACORE-TENACONT-TUW-002,apps/api/src/modules/audit/audit.module.ts;apps/api/src/modules/audit/audit.service.ts;packages/shared/src/audit/audit-event-types.ts,log() INSERT-only 기록+필수필드 AND audit 실패시 호출 트랜잭션 rollback AND tenant context 부재시 거부(negative) AND 회귀 green
AUDIT-AUDIEVENCO-AUDILOGG-TUW-003,audit metadata normalizer(화이트리스트) 구현,R1,AUDIT-AUDIEVENCO-AUDILOGG,H,M,AUDIT-AUDIEVENCO-AUDILOGG-TUW-002,apps/api/src/modules/audit/audit-metadata.normalizer.ts;packages/shared/src/audit/audit-metadata-keys.ts,화이트리스트 외 키 제거·256자 초과 거부 AND 본문 주입시 미저장(negative) AND 회귀 green
AUDIT-AUDIEVENCO-AUDILOGG-TUW-005,audit event retention label 연결,R1,AUDIT-AUDIEVENCO-AUDILOGG,M,S,AUDIT-AUDIEVENCO-AUDILOGG-TUW-003,db/migrations/NNNN_audit_retention_label.sql;apps/api/src/modules/audit/audit.service.ts,retention_label='PERMANENT' 저장 AND 적용 후 UPDATE/DELETE 여전히 DB 실패(immutability 회귀) AND migrate/rollback 왕복 green
MATTER-CLIEMANA-CLIEREGI-TUW-001,Client schema 구현,R1,MATTER-CLIEMANA-CLIEREGI,M,M,CORE-DATACORE-MIGR-TUW-002;CORE-DATACORE-MIGR-TUW-005,db/migrations/NNNN_create_clients.sql;apps/api/src/modules/client/client.entity.ts;packages/shared/src/client/client.dto.ts,migrate/rollback 왕복 green AND RLS cross-tenant SELECT 0행(negative) AND 회귀 green
MATTER-CLIEMANA-CLIEREGI-TUW-002,client create API 구현,R1,MATTER-CLIEMANA-CLIEREGI,M,M,MATTER-CLIEMANA-CLIEREGI-TUW-001;CORE-TENACORE-TENACONT-TUW-002;CORE-AUTHCORE-USERSESS-TUW-003;AUDIT-AUDIEVENCO-AUDILOGG-TUW-002;SEC-RBAC-ROLEMATR-TUW-001,apps/api/src/modules/client/client.controller.ts;apps/api/src/modules/client/client.service.ts;apps/api/src/modules/client/dto/create-client.dto.ts,생성 201 AND 비인가 role PERMISSION_DENIED(negative) AND CLIENT_CREATED audit 1건 AND 회귀 green
MATTER-CLIEMANA-CLIEREGI-TUW-003,client detail API 구현,R1,MATTER-CLIEMANA-CLIEREGI,M,S,MATTER-CLIEMANA-CLIEREGI-TUW-002,apps/api/src/modules/client/dto/client-detail.dto.ts;apps/api/src/modules/client/client.controller.ts,조회 200 AND 타 tenant clientId 404 존재 비노출(negative) AND 회귀 green
MATTER-CLIEMANA-CLIEREGI-TUW-004,client list filtering 구현,R1,MATTER-CLIEMANA-CLIEREGI,M,S,MATTER-CLIEMANA-CLIEREGI-TUW-003,apps/api/src/modules/client/dto/list-clients.query.ts;apps/api/src/modules/client/client.service.ts,필터·페이지네이션 기능 AND 타 tenant 데이터 결과·count 미포함(negative) AND 회귀 green
MATTER-CLIEMANA-CLIEREGI-TUW-005,client metadata editor 구현,R1,MATTER-CLIEMANA-CLIEREGI,M,M,MATTER-CLIEMANA-CLIEREGI-TUW-004,apps/api/src/modules/client/dto/update-client.dto.ts;apps/api/src/modules/client/client.service.ts,PATCH 수정 AND 비인가 수정 차단(negative) AND CLIENT_UPDATED audit(diff_keys만) AND 회귀 green
MATTER-MATTMANA-MATTREGI-TUW-001,Matter schema 구현,R1,MATTER-MATTMANA-MATTREGI,H,M,MATTER-CLIEMANA-CLIEREGI-TUW-001;CORE-DATACORE-MIGR-TUW-005,db/migrations/NNNN_create_matters.sql;apps/api/src/modules/matter/matter.entity.ts;packages/shared/src/matter/matter.dto.ts,migrate green+FK·CHECK·RLS AND cross-tenant 0행·타 tenant client FK 거부(negative) AND 회귀 green (ai_policy_id·legal_hold는 R2 — 생성 금지)
MATTER-MATTMANA-MATTREGI-TUW-002,Matter create API 구현,R1,MATTER-MATTMANA-MATTREGI,H,M,MATTER-MATTMANA-MATTREGI-TUW-001;AUDIT-AUDIEVENCO-AUDILOGG-TUW-002;CORE-TENACORE-TENACONT-TUW-002,apps/api/src/modules/matter/matter.controller.ts;apps/api/src/modules/matter/matter.service.ts;apps/api/src/modules/matter/dto/create-matter.dto.ts,생성 201(status=proposed) AND 타 tenant client_id 비노출 거부(negative) AND MATTER_CREATED audit AND 회귀 green
MATTER-MATTMANA-MATTREGI-TUW-003,Matter type taxonomy enum 구현,R1,MATTER-MATTMANA-MATTREGI,M,S,MATTER-MATTMANA-MATTREGI-TUW-002,packages/shared/src/matter/matter-type.ts;db/migrations/NNNN_matter_type_check.sql,enum 외 값 API·DB 이중 거부 AND 기존 fixture 정합 회귀 green
MATTER-MATTMANA-MATTREGI-TUW-004,Matter metadata validation 구현,R1,MATTER-MATTMANA-MATTREGI,M,S,MATTER-MATTMANA-MATTREGI-TUW-003,packages/shared/src/matter/matter-validation.ts;apps/api/src/modules/matter/matter.service.ts,유효/무효 표 기반 unit 10케이스+VALIDATION_FAILED 표준 응답 AND 회귀 green
MATTER-MATTMANA-MATTREGI-TUW-005,Matter detail API 구현,R1,MATTER-MATTMANA-MATTREGI,H,M,MATTER-MATTMANA-MATTREGI-TUW-004,apps/api/src/modules/matter/dto/matter-detail.dto.ts;apps/api/src/modules/matter/matter.controller.ts,lead 조회 200 AND 보수적 가드(비lead PERMISSION_DENIED·타 tenant 404) negative AND 회귀 green — MATTPERM-004에서 canReadMatter로 교체
MATTER-MATTMANA-MATTREGI-TUW-006,Matter list pagination 구현,R1,MATTER-MATTMANA-MATTREGI,M,S,MATTER-MATTMANA-MATTREGI-TUW-005,apps/api/src/modules/matter/dto/list-matters.query.ts;apps/api/src/modules/matter/matter.service.ts,필터·페이지·정렬 기능 AND 타인 lead matter 결과·count 미포함(negative) AND 회귀 green
MATTER-MATTMANA-MATTREGI-TUW-007,Matter status badge UI 구현,R1,MATTER-MATTMANA-MATTREGI,L,S,MATTER-MATTMANA-MATTREGI-TUW-006;MATTER-MATTLIFE-STATENGI-TUW-001;CORE-FESHELL-APPSHELL-TUW-002,apps/web/src/components/matter/matter-status-badge.tsx;apps/web/src/app/matters/page.tsx;apps/web/src/app/matters/[matterId]/page.tsx,8상태 전부 렌더 test AND pnpm build green AND 회귀 green
MATTER-MATTTEAM-MEMBMANA-TUW-001,Matter member schema 구현,R1,MATTER-MATTTEAM-MEMBMANA,H,M,MATTER-MATTMANA-MATTREGI-TUW-001;CORE-DATACORE-MIGR-TUW-005,db/migrations/NNNN_create_matter_members.sql;apps/api/src/modules/matter/matter-member.entity.ts;packages/shared/src/matter/matter-member.dto.ts,migrate green+PK·RLS AND cross-tenant 0행·tenant 불일치 행 거부(negative) AND 회귀 green (tenant_id 보강 C-7)
MATTER-MATTTEAM-MEMBMANA-TUW-002,member add API 구현,R1,MATTER-MATTTEAM-MEMBMANA,H,M,MATTER-MATTTEAM-MEMBMANA-TUW-001;SEC-RBAC-ROLEMATR-TUW-001;AUDIT-AUDIEVENCO-AUDILOGG-TUW-002,apps/api/src/modules/matter/matter-member.controller.ts;apps/api/src/modules/matter/matter-member.service.ts;apps/api/src/modules/matter/dto/add-member.dto.ts,추가 201+lead 자동 owner 등록 AND 비owner 추가·external_user 추가 차단(negative) AND MATTER_MEMBER_ADDED audit 호출 AND 회귀 green
MATTER-MATTTEAM-MEMBMANA-TUW-003,member remove API 구현,R1,MATTER-MATTTEAM-MEMBMANA,H,S,MATTER-MATTTEAM-MEMBMANA-TUW-002,apps/api/src/modules/matter/matter-member.controller.ts;apps/api/src/modules/matter/matter-member.service.ts,제거 204 AND 일반 member 제거 시도 차단(negative)·마지막 owner 제거 차단 AND 회귀 green
MATTER-MATTTEAM-MEMBMANA-TUW-004,matter role assignment 구현,R1,MATTER-MATTTEAM-MEMBMANA,H,S,MATTER-MATTTEAM-MEMBMANA-TUW-003,apps/api/src/modules/matter/dto/update-member.dto.ts;apps/api/src/modules/matter/matter-member.service.ts,role/access_level 변경 200 AND 자기 승급 차단·마지막 owner 강등 차단(negative) AND 회귀 green
MATTER-MATTTEAM-MEMBMANA-TUW-005,matter team UI 구현,R1,MATTER-MATTTEAM-MEMBMANA,M,M,MATTER-MATTTEAM-MEMBMANA-TUW-004;CORE-FESHELL-APPSHELL-TUW-003,apps/web/src/app/matters/[matterId]/team/page.tsx;apps/web/src/components/matter/team-member-list.tsx;apps/web/src/components/matter/add-member-dialog.tsx,목록·추가·제거·변경 흐름 test AND 비owner 컨트롤 미렌더+안전 거부 메시지(negative) AND build·회귀 green
MATTER-MATTTEAM-MEMBMANA-TUW-006,member change audit hook 연결,R1,MATTER-MATTTEAM-MEMBMANA,H,S,MATTER-MATTTEAM-MEMBMANA-TUW-005;AUDIT-AUDIEVENCO-AUDILOGG-TUW-003,tests/integration/audit/member-change-audit.spec.ts;apps/api/src/modules/matter/matter-member.service.ts,멤버 변이 3경로 audit 누락 0 AND audit 실패시 변이 rollback AND metadata 원문 부재(negative) AND 회귀 green
MATTER-MATTLIFE-STATENGI-TUW-001,Matter state enum(8상태) 구현,R1,MATTER-MATTLIFE-STATENGI,M,S,MATTER-MATTMANA-MATTREGI-TUW-001,packages/domain/src/matter/matter-state.ts;db/migrations/NNNN_matter_status_check.sql,"8상태 enum 고정 unit AND DB CHECK 거부 AND 회귀 green (순수 TS, IO 없음)"
MATTER-MATTLIFE-STATENGI-TUW-002,state transition validation 구현,R1,MATTER-MATTLIFE-STATENGI,H,M,MATTER-MATTLIFE-STATENGI-TUW-001;AUDIT-AUDIEVENCO-AUDILOGG-TUW-002,packages/domain/src/matter/matter-transitions.ts;apps/api/src/modules/matter/dto/update-matter-status.dto.ts,8x8 전이 행렬 전수 unit AND 비인가 상태 변경 차단(negative) AND MATTER_STATUS_CHANGED audit AND 회귀 green
MATTER-MATTLIFE-STATENGI-TUW-003,closing state action 구현,R1,MATTER-MATTLIFE-STATENGI,M,S,MATTER-MATTLIFE-STATENGI-TUW-002,apps/api/src/modules/matter/matter.service.ts,closing→closed시 closed_at 기록 AND 비인가 close 차단(negative) AND audit AND 회귀 green
MATTER-MATTLIFE-STATENGI-TUW-004,archive state action 구현,R1,MATTER-MATTLIFE-STATENGI,M,S,MATTER-MATTLIFE-STATENGI-TUW-003,apps/api/src/modules/matter/matter.service.ts,closed→archived 200 AND 비인가 archive 차단(negative) AND audit AND 회귀 green (hard delete 없음)
MATTER-MATTLIFE-STATENGI-TUW-005,closed matter mutation 차단 구현,R1,MATTER-MATTLIFE-STATENGI,H,M,MATTER-MATTLIFE-STATENGI-TUW-004,apps/api/src/modules/matter/guards/matter-mutability.guard.ts;tests/integration/matter/closed-matter-mutation.spec.ts,closed matter 변이 4종 전부 차단(MATTER_CLOSED) AND Firm Admin도 변이 불가(negative) AND open matter 변이 정상 회귀 green
MATTER-PARTMANA-PARTREGI-TUW-001,Party schema 구현,R1,MATTER-PARTMANA-PARTREGI,M,M,MATTER-MATTMANA-MATTREGI-TUW-001;CORE-DATACORE-MIGR-TUW-005,db/migrations/NNNN_create_parties.sql;apps/api/src/modules/party/party.entity.ts;packages/shared/src/party/party.dto.ts,migrate green+FK·RLS AND cross-tenant 0행(negative) AND rollback 왕복·회귀 green
MATTER-PARTMANA-PARTREGI-TUW-002,party role taxonomy 구현,R1,MATTER-PARTMANA-PARTREGI,M,S,MATTER-PARTMANA-PARTREGI-TUW-001,packages/shared/src/party/party-enums.ts;db/migrations/NNNN_party_taxonomy_check.sql,party_type·party_role enum 외 값 API·DB 거부 AND 회귀 green
MATTER-PARTMANA-PARTREGI-TUW-003,party create API 구현,R1,MATTER-PARTMANA-PARTREGI,M,S,MATTER-PARTMANA-PARTREGI-TUW-002;AUDIT-AUDIEVENCO-AUDILOGG-TUW-002,apps/api/src/modules/party/party.controller.ts;apps/api/src/modules/party/party.service.ts;apps/api/src/modules/party/dto/create-party.dto.ts,생성 201 AND 비멤버·read-only 멤버 차단(negative) AND PARTY_ADDED audit(원문 미기록) AND 회귀 green
MATTER-PARTMANA-PARTREGI-TUW-004,party-to-matter link 구현,R1,MATTER-PARTMANA-PARTREGI,M,S,MATTER-PARTMANA-PARTREGI-TUW-003,apps/api/src/modules/party/dto/list-parties.dto.ts;apps/api/src/modules/party/party.service.ts,matter별 party 목록 200+연결 정합성 AND 권한 없는 사용자 차단(negative) AND 회귀 green
MATTER-PARTMANA-PARTREGI-TUW-005,restricted party marker 구현,R1,MATTER-PARTMANA-PARTREGI,H,S,MATTER-PARTMANA-PARTREGI-TUW-004;SEC-RBAC-ROLEMATR-TUW-001,db/migrations/NNNN_party_restricted_marker.sql;apps/api/src/modules/party/dto/update-party.dto.ts,is_restricted 마킹 200 AND 일반 member 마킹 차단(negative) AND PARTY_RESTRICTED_MARKED audit AND 회귀 green
SEC-RBAC-ROLEMATR-TUW-001,role enum 7종 구현 (DEC-15),R1,SEC-RBAC-ROLEMATR,M,S,CORE-AUTHCORE-USERSESS-TUW-001,packages/shared/src/permission/roles.ts;db/migrations/NNNN_user_role_check.sql;apps/api/src/modules/auth/session.service.ts,"7종 enum+CHECK 고정 AND external_user 로그인 세션 미발급(negative, R11 전 차단) AND R0 login 회귀 green"
SEC-RBAC-ROLEMATR-TUW-002,role permission matrix 정의,R1,SEC-RBAC-ROLEMATR,C,M,SEC-RBAC-ROLEMATR-TUW-001,packages/shared/src/permission/role-permission-matrix.ts;packages/shared/src/permission/permission-actions.ts;docs/ledger/decision.md,default-deny 전 셀 명시(미정의 셀 컴파일 실패) AND 매트릭스 외 action deny(negative) AND 회귀 green AND 사람 리뷰 승인 필수
SEC-RBAC-ROLEMATR-TUW-003,role assignment API 구현,R1,SEC-RBAC-ROLEMATR,H,M,SEC-RBAC-ROLEMATR-TUW-002;AUDIT-AUDIEVENCO-AUDILOGG-TUW-002,apps/api/src/modules/user/user-role.controller.ts;apps/api/src/modules/user/user-role.service.ts;apps/api/src/modules/user/dto/assign-role.dto.ts,Firm Admin 변경 200 AND 비인가 변경·external_user 부여·마지막 admin 해제 차단(negative) AND ROLE_CHANGED audit 호출 AND 회귀 green
SEC-RBAC-ROLEMATR-TUW-004,role change audit 구현,R1,SEC-RBAC-ROLEMATR,H,S,SEC-RBAC-ROLEMATR-TUW-003;AUDIT-AUDIEVENCO-AUDILOGG-TUW-003,tests/integration/audit/role-change-audit.spec.ts;apps/api/src/modules/user/user-role.service.ts,변경 1건당 ROLE_CHANGED 1건(before/after)+실패시 rollback AND 비인가 시도 이벤트 미발생 AND 회귀 green
SEC-RBAC-ROLEMATR-TUW-005,admin-only route guard 구현,R1,SEC-RBAC-ROLEMATR,H,M,SEC-RBAC-ROLEMATR-TUW-004;CORE-SECFOUND-FAILCLOSE-TUW-001,apps/api/src/common/guards/require-roles.guard.ts;apps/api/src/common/decorators/require-roles.decorator.ts,role 7종 각각 보호 라우트 결과=매트릭스(negative 전수) AND 클레임 누락·매트릭스 조회 예외시 차단(fail-closed) AND 회귀 green
SEC-MATTPERM-ACCECONT-TUW-001,canReadMatter 구현,R1,SEC-MATTPERM-ACCECONT,C,L,MATTER-MATTTEAM-MEMBMANA-TUW-001;SEC-RBAC-ROLEMATR-TUW-002;SEC-ETHIWALL-WALLENFO-TUW-002,apps/api/src/modules/permission/permission.service.ts;apps/api/src/modules/permission/wall-membership.reader.ts;packages/shared/src/permission/permission-decision.ts,평가 계약(§5.4: default-deny·deny-overrides·멤버십 필요조건) 표 기반 전수 AND wall excluded DENY·오류시 DENY(negative+주입) AND 회귀 green AND 사람 리뷰 승인 필수
SEC-MATTPERM-ACCECONT-TUW-002,canEditMatter 구현,R1,SEC-MATTPERM-ACCECONT,H,S,SEC-MATTPERM-ACCECONT-TUW-001,apps/api/src/modules/permission/permission.service.ts,owner/edit만 ALLOW AND read 불가자는 edit 무조건 DENY·limited_reviewer DENY(negative) AND 회귀 green
SEC-MATTPERM-ACCECONT-TUW-003,canUploadToMatter 구현,R1,SEC-MATTPERM-ACCECONT,H,S,SEC-MATTPERM-ACCECONT-TUW-002;MATTER-MATTLIFE-STATENGI-TUW-001,apps/api/src/modules/permission/permission.service.ts,edit 멤버+active ALLOW·closed/archived DENY AND 비멤버·limited_reviewer DENY(negative)·상태 조회 실패시 DENY AND 회귀 green (R2 upload API가 재사용)
SEC-MATTPERM-ACCECONT-TUW-004,Matter member 아닌 사용자 접근 차단,R1,SEC-MATTPERM-ACCECONT,H,M,SEC-MATTPERM-ACCECONT-TUW-003;MATTER-MATTMANA-MATTREGI-TUW-005,tests/integration/permission/non-member-access.spec.ts;apps/api/src/modules/matter/matter.service.ts,"보수적 가드를 canReadMatter로 교체 AND 비멤버 matter 단건 endpoint 전부 404 존재 비노출(negative, Firm Admin 포함) AND 회귀 green"
SEC-MATTPERM-ACCECONT-TUW-005,matter search permission filter 구현,R1,SEC-MATTPERM-ACCECONT,H,M,SEC-MATTPERM-ACCECONT-TUW-004;MATTER-MATTMANA-MATTREGI-TUW-006,apps/api/src/modules/permission/permission-query.builder.ts;tests/integration/permission/matter-list-filter.spec.ts,"쿼리 단계 필터 주입(WHERE절 존재를 쿼리 텍스트로 증명, 사후 필터링 금지) AND 비멤버·wall excluded matter가 rows·count·페이지 메타 미포함(negative) AND 회귀 green"
SEC-MATTPERM-ACCECONT-TUW-006,fail-closed permission wrapper 구현,R1,SEC-MATTPERM-ACCECONT,C,M,SEC-MATTPERM-ACCECONT-TUW-005;CORE-SECFOUND-FAILCLOSE-TUW-001,apps/api/src/modules/permission/fail-closed.wrapper.ts;tests/integration/permission/fail-closed-injection.spec.ts,예외/DB단절/timeout/undefined 4종 주입 전부 PERMISSION_DENIED(negative) AND 거부시 audit hook 호출 AND 회귀 green AND 사람 리뷰 승인 필수
SEC-DOCUPERM-ACCECONT-TUW-001,canReadDocument 함수 인터페이스 시그니처 정의,R1,SEC-DOCUPERM-ACCECONT,M,S,SEC-MATTPERM-ACCECONT-TUW-001,packages/shared/src/permission/document-permission.interface.ts;apps/api/src/modules/permission/document-permission.stub.ts,"시그니처 컴파일 AND stub 무조건 DENY(어떤 입력에도 ALLOW 없음, negative) AND 회귀 green (구현은 R2 — Freeze 대상)"
SEC-DOCUPERM-ACCECONT-TUW-002,canDownloadDocument 함수 인터페이스 시그니처 정의,R1,SEC-DOCUPERM-ACCECONT,M,S,SEC-DOCUPERM-ACCECONT-TUW-001,packages/shared/src/permission/document-permission.interface.ts;apps/api/src/modules/permission/document-permission.stub.ts,reason 파라미터 예약 시그니처 컴파일 AND stub 무조건 DENY(negative) AND 회귀 green
SEC-ETHIWALL-WALLENFO-TUW-001,EthicalWall schema 구현,R1,SEC-ETHIWALL-WALLENFO,C,M,MATTER-MATTMANA-MATTREGI-TUW-001;CORE-DATACORE-MIGR-TUW-005,db/migrations/NNNN_create_ethical_walls.sql;apps/api/src/modules/ethical-wall/ethical-wall.entity.ts,migrate green+FK·CHECK·RLS AND cross-tenant 0행·타 tenant matter FK 거부(negative) AND 회귀 green AND 사람 리뷰 승인 필수 (C-2로 R1 배치)
SEC-ETHIWALL-WALLENFO-TUW-002,wall membership schema 구현,R1,SEC-ETHIWALL-WALLENFO,C,M,SEC-ETHIWALL-WALLENFO-TUW-001,db/migrations/NNNN_create_ethical_wall_memberships.sql;apps/api/src/modules/ethical-wall/wall-membership.entity.ts,"Brief §5.2 스키마(insider|excluded, subject UNIQUE 단일행) migrate green AND cross-tenant 0행(negative) AND 회귀 green AND 사람 리뷰 승인 필수 (group은 스키마 예약, R1 사용 금지)"
SEC-ETHIWALL-WALLENFO-TUW-003,wall create API 구현,R1,SEC-ETHIWALL-WALLENFO,H,M,SEC-ETHIWALL-WALLENFO-TUW-002;SEC-RBAC-ROLEMATR-TUW-005;AUDIT-AUDIEVENCO-AUDILOGG-TUW-002,apps/api/src/modules/ethical-wall/ethical-wall.controller.ts;apps/api/src/modules/ethical-wall/ethical-wall.service.ts;apps/api/src/modules/ethical-wall/dto/create-wall.dto.ts,Security Admin 한정 원자 생성 AND 타 role 차단·group 거부(negative) AND ETHICAL_WALL_APPLIED audit AND 생성 직후 excluded의 canReadMatter DENY 즉시 효력 AND 회귀 green
AUDIT-PERMAUDI-PERMEVEN-TUW-001,PERMISSION_CHANGED audit 구현,R1,AUDIT-PERMAUDI-PERMEVEN,H,M,AUDIT-AUDIEVENCO-AUDILOGG-TUW-002;SEC-RBAC-ROLEMATR-TUW-003;MATTER-MATTTEAM-MEMBMANA-TUW-004;SEC-ETHIWALL-WALLENFO-TUW-003,apps/api/src/modules/audit/permission-event.recorder.ts;tests/integration/audit/permission-changed-coverage.spec.ts,권한 변이 6경로 전부 PERMISSION_CHANGED(before/after 참조 ID 수준) 누락 0 AND 화이트리스트 외 metadata 부재(negative) AND 회귀 green
AUDIT-PERMAUDI-PERMEVEN-TUW-002,ACCESS_DENIED audit 구현,R1,AUDIT-PERMAUDI-PERMEVEN,H,S,AUDIT-PERMAUDI-PERMEVEN-TUW-001;SEC-MATTPERM-ACCECONT-TUW-006,tests/integration/audit/access-denied-audit.spec.ts;apps/api/src/modules/permission/fail-closed.wrapper.ts,비멤버·wall·오류주입 거부 3시나리오 각 ACCESS_DENIED 1건+reason_code 정확 AND 원문 미기록(negative) AND audit 실패시에도 거부 응답 유지 AND 회귀 green
SEC-PERMHARN-MATRIX-TUW-001,권한 매트릭스 테스트 하네스 구현,R1,SEC-PERMHARN-MATRIX,C,L,SEC-MATTPERM-ACCECONT-TUW-006;SEC-ETHIWALL-WALLENFO-TUW-002;SEC-RBAC-ROLEMATR-TUW-002,tests/integration/permission-matrix/matrix-expected.csv;tests/integration/permission-matrix/permission-matrix.harness.spec.ts;tests/integration/permission-matrix/fixtures.ts,role7×action×멤버십2×wall3 전 셀 data-driven 검증(셀 누락시 실패) AND 차단 셀 전부 negative 실행 AND 차단시 ACCESS_DENIED 샘플 검증 AND 회귀 green AND expected CSV 사람 리뷰 승인 필수
SEC-PERMHARN-MATRIX-TUW-002,권한 매트릭스 CI gate 연결,R1,SEC-PERMHARN-MATRIX,H,S,SEC-PERMHARN-MATRIX-TUW-001;CORE-REPOBUIL-CICD-TUW-003,infra/ci/permission-matrix.yml,CI 필수 job 통과 AND 의도적 1셀 반전 브랜치에서 CI 실패=merge 차단 증명(negative) AND pnpm test:integration 로컬 green
DEVOPS-FREEZE-PERMMODEL-TUW-001,Permission Model Freeze 문서 작성·등재,R1,DEVOPS-FREEZE-PERMMODEL,C,M,SEC-RBAC-ROLEMATR-TUW-005;SEC-MATTPERM-ACCECONT-TUW-006;SEC-DOCUPERM-ACCECONT-TUW-002;SEC-ETHIWALL-WALLENFO-TUW-003;AUDIT-PERMAUDI-PERMEVEN-TUW-002;SEC-PERMHARN-MATRIX-TUW-002;MATTER-MATTTEAM-MEMBMANA-TUW-006,docs/adr/ADR-013-permission-model-freeze.md;docs/ledger/decision.md,동결 4요소(matrix·can* 시그니처·wall/member 스키마·filter 주입 지점)와 코드 실물 일치 AND 코드 diff 0+전 suite green 상태 등재 AND 사람 승인 필수 — 승인 전 R2·R3 착수 금지(C-1)
DOC-DOCUSTOR-OBJESTORAD-TUW-001,"S3 호환 object storage adapter 구현 (개발환경 MinIO, DEC-07)",R2,DOC-DOCUSTOR-OBJESTORAD,H,M,DEVOPS-FREEZE-PERMMODEL-TUW-001,apps/api/src/modules/storage/storage.module.ts;apps/api/src/modules/storage/s3-storage.adapter.ts;apps/api/src/modules/storage/storage.service.ts;infra/docker-compose.dev.yml,MinIO 대상 put/get/head 왕복·put-if-absent 거부·장애 시 표준오류 AND 회귀 suite green
DOC-DOCUSTOR-OBJESTORAD-TUW-002,tenant prefix 강제 storage path resolver 구현,R2,DOC-DOCUSTOR-OBJESTORAD,H,S,DOC-DOCUSTOR-OBJESTORAD-TUW-001,apps/api/src/modules/storage/storage-path.resolver.ts;apps/api/src/modules/storage/storage-path.resolver.spec.ts,key 규약 왕복 AND negative(타 tenant key·path traversal → TENANT_ISOLATION_VIOLATION) AND 회귀 green
DOC-DOCUSTOR-OBJESTORAD-TUW-003,file_objects 테이블 + 레코드 생성 서비스 구현,R2,DOC-DOCUSTOR-OBJESTORAD,M,M,DOC-DOCUSTOR-OBJESTORAD-TUW-002;CORE-DATACORE-MIGR-TUW-005,db/migrations/0201_create_file_objects.sql;apps/api/src/modules/storage/file-object.service.ts,migrate/rollback 왕복·레코드 생성 AND cross-tenant RLS negative AND 회귀 green
DOC-DOCUSTOR-OBJESTORAD-TUW-004,storage-DB 정합 실패 시 보상 rollback 구현,R2,DOC-DOCUSTOR-OBJESTORAD,M,S,DOC-DOCUSTOR-OBJESTORAD-TUW-003,apps/api/src/modules/storage/storage-rollback.spec.ts;apps/api/src/modules/storage/storage.service.ts,DB 실패 주입 시 object 보상 삭제·이중 장애 orphan 기록 AND 회귀 green
DOC-DOCUSTOR-OBJESTORAD-TUW-005,at-rest 암호화 hook 인터페이스 작성 (DEC-07/DEC-13 대비),R2,DOC-DOCUSTOR-OBJESTORAD,M,S,DOC-DOCUSTOR-OBJESTORAD-TUW-004,apps/api/src/modules/storage/encryption-hook.interface.ts;apps/api/src/modules/storage/noop-encryption.hook.ts,hook 경유 put/get 동일 바이트·encryption_key_id 기록·hook 예외 시 fail-closed AND 회귀 green
DOC-DOCUUPLO-UPLOAPI-TUW-001,POST /v1/matters/:matterId/documents 업로드 API 구현,R2,DOC-DOCUUPLO-UPLOAPI,H,L,DEVOPS-FREEZE-PERMMODEL-TUW-001;DOC-DOCUSTOR-OBJESTORAD-TUW-003;SEC-MATTPERM-ACCECONT-TUW-003;MATTER-MATTMANA-MATTREGI-TUW-001,db/migrations/0202_create_documents_minimal.sql;apps/api/src/modules/document/document.controller.ts;apps/api/src/modules/document/document-upload.service.ts;packages/shared/src/dto/document/upload-document.dto.ts,멤버 업로드 201+행+object 생성 AND negative(비멤버·미인증·타 tenant 차단) AND 회귀 green
DOC-DOCUUPLO-UPLOAPI-TUW-002,multipart/form-data 파서 설정 및 스트리밍 처리,R2,DOC-DOCUUPLO-UPLOAPI,M,S,DOC-DOCUUPLO-UPLOAPI-TUW-001,apps/api/src/modules/document/multipart.config.ts,스트리밍 업로드(heap 상수) AND negative(손상 multipart → VALIDATION_FAILED) AND 회귀 green
DOC-DOCUUPLO-UPLOAPI-TUW-003,파일 확장자 화이트리스트 validation 구현,R2,DOC-DOCUUPLO-UPLOAPI,M,S,DOC-DOCUUPLO-UPLOAPI-TUW-002,apps/api/src/modules/document/validators/file-extension.validator.ts,허용 확장자 통과 AND negative(.exe·이중확장자 → UNSUPPORTED_FILE_TYPE) AND 회귀 green
DOC-DOCUUPLO-UPLOAPI-TUW-004,MIME type validation(magic bytes 대조) 구현,R2,DOC-DOCUUPLO-UPLOAPI,M,S,DOC-DOCUUPLO-UPLOAPI-TUW-003,apps/api/src/modules/document/validators/mime-type.validator.ts,PDF/DOCX/HWPX 판별 fixture 통과 AND negative(확장자-magic bytes 불일치 거부) AND 회귀 green
DOC-DOCUUPLO-UPLOAPI-TUW-005,파일 크기 한도 validation 구현,R2,DOC-DOCUUPLO-UPLOAPI,M,S,DOC-DOCUUPLO-UPLOAPI-TUW-004,apps/api/src/modules/document/validators/file-size.validator.ts,한도 경계 통과/거부(스트림 조기 중단·Content-Length 위조 포함) AND 회귀 green
DOC-DOCUUPLO-UPLOAPI-TUW-006,업로드 권한 검사 완전 연결(role matrix × matter 상태 × wall),R2,DOC-DOCUUPLO-UPLOAPI,H,M,DOC-DOCUUPLO-UPLOAPI-TUW-005;SEC-MATTPERM-ACCECONT-TUW-003;SEC-MATTPERM-ACCECONT-TUW-006,tests/integration/upload-permission.spec.ts;apps/api/src/modules/document/document-upload.service.ts,매트릭스 expected 100% AND negative(비멤버·Limited Reviewer·wall excluded·Closed matter 차단) AND fail-closed 오류주입 AND 권한 하네스 회귀 green
DOC-DOCUUPLO-UPLOAPI-TUW-007,업로드 오류 응답 표준화(error code 9종 매핑),R2,DOC-DOCUUPLO-UPLOAPI,M,S,DOC-DOCUUPLO-UPLOAPI-TUW-006,apps/api/src/modules/document/document-error.mapper.ts,오류별 표준 코드 매핑 AND negative(스택·내부경로 미노출 assert) AND 회귀 green
DOC-DOCUUPLO-UPLOAPI-TUW-008,bulk upload job skeleton(pg-boss) 구현,R2,DOC-DOCUUPLO-UPLOAPI,M,M,DOC-DOCUUPLO-UPLOAPI-TUW-007,apps/api/src/modules/document/bulk-upload.job.ts;packages/shared/src/dto/document/bulk-upload.dto.ts,항목별 성공/실패 보고(부분 권한 실패 시나리오) AND negative(항목별 권한검사 누락 0) AND 회귀 green
DOC-DOCUINTE-HASHDUPL-TUW-001,스트리밍 SHA-256 hash 생성 함수 구현,R2,DOC-DOCUINTE-HASHDUPL,M,S,DOC-DOCUUPLO-UPLOAPI-TUW-001,apps/api/src/modules/document/integrity/sha256.util.ts,NIST test vector 일치·스트리밍 메모리 상수 AND 회귀 green
DOC-DOCUINTE-HASHDUPL-TUW-002,file_objects.sha256 저장(DocumentVersion.file_hash가 승계),R2,DOC-DOCUINTE-HASHDUPL,M,S,DOC-DOCUINTE-HASHDUPL-TUW-001,db/migrations/0203_add_file_objects_sha256.sql;apps/api/src/modules/storage/file-object.service.ts,동일파일 동일 hash·1바이트 상이 hash AND negative(hash 실패 시 업로드 fail-closed) AND migrate 왕복·회귀 green
DOC-DOCUINTE-HASHDUPL-TUW-003,동일 hash 중복 후보 탐지(권한 경계 내) 구현,R2,DOC-DOCUINTE-HASHDUPL,M,M,DOC-DOCUINTE-HASHDUPL-TUW-002,apps/api/src/modules/document/integrity/duplicate-detector.service.ts,동일 matter 후보 반환 AND negative(타 matter·타 tenant 존재 일체 미누설) AND 회귀 green
DOC-DOCUINTE-HASHDUPL-TUW-004,원본 불변(immutable original) 정책 집행 — 사람 리뷰 게이트 필수,R2,DOC-DOCUINTE-HASHDUPL,C,M,DOC-DOCUINTE-HASHDUPL-TUW-003;DOC-DOCUSTOR-OBJESTORAD-TUW-001,db/migrations/0204_file_objects_immutability_trigger.sql;tests/integration/immutable-original.spec.ts;apps/api/src/modules/storage/s3-storage.adapter.ts,negative(object 재-put·핵심 컬럼 UPDATE 거부) AND 신규 버전=신규 FileObject AND 회귀 green AND 사람 리뷰 승인
DOC-DOCUINTE-HASHDUPL-TUW-005,다운로드 시 hash 재검증·불일치 alert 구현,R2,DOC-DOCUINTE-HASHDUPL,M,S,DOC-DOCUINTE-HASHDUPL-TUW-004,apps/api/src/modules/document/integrity/integrity-check.service.ts,"변조 fixture 전송 차단 AND 감사(DOCUMENT_INTEGRITY_ALERT, 본문 미포함) AND 회귀 green"
DOC-DOCUMETA-METAEXTR-TUW-001,documents 메타데이터 스키마 확장(07번·20번 정합),R2,DOC-DOCUMETA-METAEXTR,M,M,DOC-DOCUUPLO-UPLOAPI-TUW-001;CORE-DATACORE-MIGR-TUW-005,db/migrations/0205_extend_documents_metadata.sql;packages/shared/src/types/document.ts,migrate 왕복·메타 포함 생성/조회 AND cross-tenant RLS negative AND 회귀 green
DOC-DOCUMETA-METAEXTR-TUW-002,document type taxonomy enum 구현,R2,DOC-DOCUMETA-METAEXTR,M,S,DOC-DOCUMETA-METAEXTR-TUW-001,packages/domain/src/document/document-type.ts,enum 전수 왕복 AND negative(미정의 값 VALIDATION_FAILED) AND 회귀 green
DOC-DOCUMETA-METAEXTR-TUW-003,"파일명 기반 metadata 후보 파서 구현(suggestion만, 자동 확정 금지)",R2,DOC-DOCUMETA-METAEXTR,M,M,DOC-DOCUMETA-METAEXTR-TUW-002,apps/api/src/modules/document/filename-metadata.parser.ts,한국어 파일명 fixture 10종 기대 일치 AND 미일치 시 빈 결과(추측 금지) AND 회귀 green
DOC-DOCUMETA-METAEXTR-TUW-004,PATCH /v1/documents/:id/metadata 수동 편집 API 구현,R2,DOC-DOCUMETA-METAEXTR,M,M,DOC-DOCUMETA-METAEXTR-TUW-003,packages/shared/src/dto/document/update-document-metadata.dto.ts;apps/api/src/modules/document/document.service.ts,화이트리스트 필드 수정 왕복 AND negative(비인가 차단·status/hash/family_id 수정 거부) AND 회귀 green
DOC-DOCUMETA-METAEXTR-TUW-005,DOCUMENT_METADATA_CHANGED audit 연결,R2,DOC-DOCUMETA-METAEXTR,H,S,DOC-DOCUMETA-METAEXTR-TUW-004;AUDIT-AUDIEVENCO-AUDILOGG-TUW-002;AUDIT-AUDIEVENCO-AUDILOGG-TUW-003,apps/api/src/modules/document/document.service.ts;tests/integration/document-audit.spec.ts,수정 1회=event 1건(화이트리스트 키) AND 감사 실패 주입 시 수정 롤백 AND 회귀 green
DOC-DOCUMETA-METAEXTR-TUW-006,Document 11상태 enum + 전이 함수(packages/domain) 구현,R2,DOC-DOCUMETA-METAEXTR,M,M,DOC-DOCUMETA-METAEXTR-TUW-005,packages/domain/src/document/document-status.ts;db/migrations/0206_documents_status_check.sql,허용 전이 전수 통과 AND negative(비허용 전이 거부) AND 회귀 green
DOC-DOCUVERS-VERSRESO-TUW-001,document_versions 테이블 구현,R2,DOC-DOCUVERS-VERSRESO,H,M,DOC-DOCUINTE-HASHDUPL-TUW-002;DOC-DOCUMETA-METAEXTR-TUW-001,db/migrations/0207_create_document_versions.sql;apps/api/src/modules/document/document-version.service.ts,migrate 왕복·업로드 시 version 1 생성·file_hash 승계 AND cross-tenant RLS negative AND 회귀 green
DOC-DOCUVERS-VERSRESO-TUW-002,document_family_id 생성·승계 규칙 구현(발급 후 불변),R2,DOC-DOCUVERS-VERSRESO,H,M,DOC-DOCUVERS-VERSRESO-TUW-001,packages/domain/src/document/document-family.ts;db/migrations/0208_documents_family_immutable_trigger.sql,발급·승계 정합 AND negative(family_id UPDATE trigger 거부) AND 회귀 green
DOC-DOCUVERS-VERSRESO-TUW-003,version_no 단조증가 계산 함수 구현,R2,DOC-DOCUVERS-VERSRESO,M,S,DOC-DOCUVERS-VERSRESO-TUW-002,apps/api/src/modules/document/version-number.resolver.ts,순차 1..N AND 동시 10건 race에서 중복·결번 0 AND 회귀 green
DOC-DOCUVERS-VERSRESO-TUW-004,POST /v1/documents/:documentId/versions 신규 버전 API 구현,R2,DOC-DOCUVERS-VERSRESO,H,L,DOC-DOCUVERS-VERSRESO-TUW-003,packages/shared/src/dto/document/add-version.dto.ts;tests/integration/document-versioning.spec.ts,신규 FileObject+원본 무변경 AND negative(비인가 버전 추가 차단) AND 감사(DOCUMENT_VERSION_ADDED) AND 회귀 green
DOC-DOCUVERS-VERSRESO-TUW-005,GET /v1/documents/:documentId/versions 목록 API 구현,R2,DOC-DOCUVERS-VERSRESO,M,S,DOC-DOCUVERS-VERSRESO-TUW-004,packages/shared/src/dto/document/version-list.dto.ts;apps/api/src/modules/document/document.controller.ts,정렬·필드 일치 AND negative(비멤버 조회 차단·크기 힌트 미노출) AND 회귀 green
DOC-DOCUVERS-VERSRESO-TUW-006,superseded version 자동 표시 구현(current 정확히 1개),R2,DOC-DOCUVERS-VERSRESO,M,S,DOC-DOCUVERS-VERSRESO-TUW-005,apps/api/src/modules/document/document-version.service.ts;tests/integration/document-versioning.spec.ts,3버전 체인 정합·race 후 current 1개 AND negative(current 직접 superseded 마킹 거부) AND 회귀 green
DOC-DOCUVERS-VERSRESO-TUW-007,버전 목록 status filter 구현,R2,DOC-DOCUVERS-VERSRESO,M,S,DOC-DOCUVERS-VERSRESO-TUW-006,apps/api/src/modules/document/document.controller.ts;packages/shared/src/dto/document/version-list.dto.ts,필터별 결과 정확 AND negative(미정의 status 거부) AND 회귀 green
DOC-OCRTEXTEXT-EXTRWORK-TUW-001,추출 job queue(pg-boss document.extract) + dispatcher + canonical_documents 구현,R2,DOC-OCRTEXTEXT-EXTRWORK,H,L,DEVOPS-FREEZE-PERMMODEL-TUW-001;DOC-DOCUVERS-VERSRESO-TUW-001;CORE-REPOBUIL-CICD-TUW-002,db/migrations/0209_create_canonical_documents.sql;apps/api/src/modules/document/extraction/extraction-queue.service.ts;workers/ingestion/app/main.py;workers/ingestion/app/extract_router.py,업로드→job→worker→저장 e2e AND payload에 본문 미포함 assert AND negative(타 tenant version 처리 거부) AND 회귀 green
DOC-OCRTEXTEXT-EXTRWORK-TUW-002,PDF 텍스트 추출 어댑터(Python) 구현,R2,DOC-OCRTEXTEXT-EXTRWORK,M,M,DOC-OCRTEXTEXT-EXTRWORK-TUW-001,workers/ingestion/parsers/pdf/pdf_extractor.py;tests/fixtures/pdf/,한국어 fixture 3종 기대 텍스트 일치 AND negative(암호화 PDF 명시 실패) AND 회귀 green
DOC-OCRTEXTEXT-EXTRWORK-TUW-003,DOCX 텍스트 추출 어댑터(Python) 구현,R2,DOC-OCRTEXTEXT-EXTRWORK,M,M,DOC-OCRTEXTEXT-EXTRWORK-TUW-002,workers/ingestion/parsers/docx/docx_extractor.py;tests/fixtures/docx/,fixture 기대 텍스트(표 포함) 일치 AND negative(암호 보호 DOCX 명시 실패) AND 회귀 green
DOC-OCRTEXTEXT-EXTRWORK-TUW-004,OCR pending 상태 처리 구현,R2,DOC-OCRTEXTEXT-EXTRWORK,M,S,DOC-OCRTEXTEXT-EXTRWORK-TUW-003;DOC-DOCUMETA-METAEXTR-TUW-006,workers/ingestion/parsers/pdf/text_layer_detector.py;apps/api/src/modules/document/document.service.ts,스캔 PDF→ocr_pending 저장·노출 AND 텍스트 PDF 미진입 AND 회귀 green
DOC-OCRTEXTEXT-EXTRWORK-TUW-005,extraction confidence 저장 구현,R2,DOC-OCRTEXTEXT-EXTRWORK,M,S,DOC-OCRTEXTEXT-EXTRWORK-TUW-004,db/migrations/0210_canonical_confidence_check.sql;workers/ingestion/app/extract_router.py,방법별 confidence 저장 AND negative(범위 밖 값 거부) AND 회귀 green
DOC-OCRTEXTEXT-EXTRWORK-TUW-006,추출 실패 retry·영구 실패 처리 구현,R2,DOC-OCRTEXTEXT-EXTRWORK,M,M,DOC-OCRTEXTEXT-EXTRWORK-TUW-005,apps/api/src/modules/document/extraction/extraction-retry.spec.ts;apps/api/src/modules/document/extraction/extraction-queue.service.ts,일시 실패 재시도 성공 AND 영구 실패 3회 후 failed 종결(사유에 본문 미포함) AND 회귀 green
DOC-HWPX-EXTRACT-TUW-001,HWPX(XML) 텍스트 추출 어댑터 구현 — HWP 5.0 바이너리 명시 거부(DEC-10),R2,DOC-HWPX-EXTRACT,M,M,DEVOPS-FREEZE-PERMMODEL-TUW-001;DOC-OCRTEXTEXT-EXTRWORK-TUW-001,workers/ingestion/parsers/hwpx/hwpx_extractor.py;workers/ingestion/tests/test_hwpx_extractor.py,"HWPX 텍스트 추출 일치 AND negative(HWP 바이너리 명시 unsupported, 부분 추출 금지) AND 회귀 green"
DOC-HWPX-EXTRACT-TUW-002,HWPX fixture 5종 회귀 검증 세트 구축,R2,DOC-HWPX-EXTRACT,M,S,DOC-HWPX-EXTRACT-TUW-001,tests/fixtures/hwpx/;workers/ingestion/tests/test_hwpx_fixtures.py,비식별 fixture 5종(일반/표/이미지/대용량/구버전) 스냅샷 전수 일치 AND 회귀 green
DOC-DOCULIFE-LIFEMANA-TUW-001,DELETE /v1/documents/:id soft delete 구현 (hard delete 절대 금지),R2,DOC-DOCULIFE-LIFEMANA,H,M,DEVOPS-FREEZE-PERMMODEL-TUW-001;DOC-DOCUVERS-VERSRESO-TUW-001;DOC-DOCUMETA-METAEXTR-TUW-006,apps/api/src/modules/document/document-lifecycle.service.ts;db/migrations/0211_documents_soft_delete_columns.sql,삭제 후 행·object 잔존(status=Deleted) AND negative(비인가 삭제 차단·물리 DELETE 경로 0건 정적 검사) AND 회귀 green
DOC-DOCULIFE-LIFEMANA-TUW-002,POST /v1/documents/:id/restore 복구 구현 — 사람 리뷰 게이트 필수,R2,DOC-DOCULIFE-LIFEMANA,C,M,DOC-DOCULIFE-LIFEMANA-TUW-001,tests/integration/document-restore.spec.ts;apps/api/src/modules/document/document-lifecycle.service.ts,복구 후 상태·체인 정합 AND negative(Owner/Firm Admin 외 차단) AND 감사(DOCUMENT_RESTORED) AND 회귀 green AND 사람 리뷰 승인
DOC-DOCULIFE-LIFEMANA-TUW-003,legal hold 삭제 차단 hook 연결(HOLDIF 인터페이스 사용),R2,DOC-DOCULIFE-LIFEMANA,H,M,DOC-DOCULIFE-LIFEMANA-TUW-002;RECORD-HOLDIF-INTERFACE-TUW-001,tests/integration/legal-hold-block.spec.ts;apps/api/src/modules/document/document-lifecycle.service.ts,negative(document/matter hold 삭제 → DOCUMENT_LOCKED) AND 해제 후 정상 삭제 AND 회귀 green
DOC-DOCULIFE-LIFEMANA-TUW-004,Archived 문서 mutation 전면 차단 — 사람 리뷰 게이트 필수,R2,DOC-DOCULIFE-LIFEMANA,C,M,DOC-DOCULIFE-LIFEMANA-TUW-003,apps/api/src/modules/document/guards/immutable-state.guard.ts;tests/integration/archived-mutation-block.spec.ts,"negative(Archived 문서 수정/버전추가/삭제 전부 차단, 관리자 포함) AND guard 미적용 경로 0건 전수 검사 AND 회귀 green AND 사람 리뷰 승인"
DOC-DOCULIFE-LIFEMANA-TUW-005,GET /v1/documents/:id/download endpoint + DOCUMENT_DOWNLOADED audit 연결,R2,DOC-DOCULIFE-LIFEMANA,H,M,DOC-DOCULIFE-LIFEMANA-TUW-004;SEC-DOCUPERM-ACCECONT-TUW-003;AUDIT-DOCUAUDI-DOCUEVEN-TUW-003,tests/integration/document-download.spec.ts;apps/api/src/modules/document/document.controller.ts;apps/api/src/modules/storage/storage.service.ts,"인가 다운로드 바이트 일치 AND negative(비인가·wall excluded·만료/타 tenant 서명 URL 차단) AND 감사(다운로드 1회=event 1건, 실패 시 차단) AND 회귀 green"
DOC-DOCULIFE-LIFEMANA-TUW-006,문서 상세 열람 DOCUMENT_VIEWED audit 연결,R2,DOC-DOCULIFE-LIFEMANA,H,S,DOC-DOCULIFE-LIFEMANA-TUW-005;AUDIT-DOCUAUDI-DOCUEVEN-TUW-002,apps/api/src/modules/document/document.service.ts;tests/integration/document-audit.spec.ts,상세 1회=VIEWED 1건·목록은 0건 AND negative(비인가 조회 차단+VIEWED 미발생) AND 회귀 green
RECORD-HOLDIF-INTERFACE-TUW-001,"legal hold flag + delete precondition check 인터페이스 구현(보정 C-3, R12 테이블 생성 금지)",R2,RECORD-HOLDIF-INTERFACE,H,M,DEVOPS-FREEZE-PERMMODEL-TUW-001;DOC-DOCUMETA-METAEXTR-TUW-001;MATTER-MATTMANA-MATTREGI-TUW-001,db/migrations/0212_add_legal_hold_flags.sql;packages/domain/src/records/legal-hold.ts;apps/api/src/modules/matter/matter.service.ts,flag 왕복 AND negative(Admin 외 flag 변경 차단·legal_holds 테이블 미존재 assert) AND 감사(LEGAL_HOLD_CHANGED) AND 회귀 green
SEC-DOCUPERM-ACCECONT-TUW-003,document confidentiality policy + R1 canReadDocument/canDownloadDocument 시그니처 본체 구현 — 사람 리뷰 게이트 필수,R2,SEC-DOCUPERM-ACCECONT,C,L,DEVOPS-FREEZE-PERMMODEL-TUW-001;SEC-DOCUPERM-ACCECONT-TUW-001;SEC-DOCUPERM-ACCECONT-TUW-002;SEC-MATTPERM-ACCECONT-TUW-001;SEC-MATTPERM-ACCECONT-TUW-006;SEC-ETHIWALL-WALLENFO-TUW-002;DOC-DOCUMETA-METAEXTR-TUW-001,apps/api/src/modules/permission/document-permission.service.ts;apps/api/src/modules/permission/confidentiality-policy.ts;tests/integration/document-permission-matrix.spec.ts,role 7종×등급×wall 매트릭스 100% AND negative(wall DENY>명시 ALLOW·비멤버 불가·condition_json 해석불가/예외 시 fail-closed 거부) AND R1 하네스 회귀 green AND 사람 리뷰 승인
SEC-DOCUPERM-ACCECONT-TUW-004,다운로드 사유(reason) 요구 정책 구현,R2,SEC-DOCUPERM-ACCECONT,H,M,SEC-DOCUPERM-ACCECONT-TUW-003;AUDIT-DOCUAUDI-DOCUEVEN-TUW-003,packages/shared/src/dto/document/download-reason.dto.ts;apps/api/src/modules/document/document.controller.ts,사유 포함 다운로드+audit metadata에 reason_code AND negative(사유 누락 시 다운로드·URL 미발급) AND 회귀 green
SEC-DOCUPERM-ACCECONT-TUW-005,문서 권한 표시·관리 UI 구현(집행은 서버 불변),R2,SEC-DOCUPERM-ACCECONT,M,L,SEC-DOCUPERM-ACCECONT-TUW-004,apps/web/src/components/document/document-permission-panel.tsx;apps/web/src/lib/api/document-permissions.ts,패널 렌더·등급 변경 왕복 AND negative(비인가 패널 비노출+API 직접 호출도 서버 차단) AND 회귀 green
SEC-DOCUPERM-ACCECONT-TUW-006,permission denied 안전 응답 구현(존재·메타데이터 누설 차단),R2,SEC-DOCUPERM-ACCECONT,H,S,SEC-DOCUPERM-ACCECONT-TUW-005,tests/integration/safe-denied-message.spec.ts;apps/api/src/modules/document/document-error.mapper.ts,"negative(거부 응답에 제목·메타 부재, 미존재 ID와 응답 동형) AND 회귀 green"
DOC-PREVIEW-VIEWER-TUW-001,GET /v1/documents/:id/preview PDF 미리보기 endpoint 구현(권한 검사),R2,DOC-PREVIEW-VIEWER,H,M,DEVOPS-FREEZE-PERMMODEL-TUW-001;DOC-DOCULIFE-LIFEMANA-TUW-006;SEC-DOCUPERM-ACCECONT-TUW-003,apps/api/src/modules/preview/preview.module.ts;apps/api/src/modules/preview/preview.controller.ts;apps/api/src/modules/preview/preview.service.ts,"인가자 스트리밍(Range) AND negative(비인가·wall excluded·타 tenant·만료 토큰 차단, PermissionService 우회 경로 0) AND 회귀 green"
DOC-PREVIEW-VIEWER-TUW-002,DOCX→PDF 미리보기 변환 worker 구현(파생물 — 원본 family 비추가),R2,DOC-PREVIEW-VIEWER,M,L,DOC-PREVIEW-VIEWER-TUW-001;DOC-OCRTEXTEXT-EXTRWORK-TUW-001,workers/ingestion/converters/docx_to_pdf.py;apps/api/src/modules/preview/preview-convert.job.ts;infra/docker-compose.dev.yml,"DOCX→PDF 파생물 생성·원본 무변경 AND negative(변환 실패 시 명시 fallback, 부분 PDF 미제공) AND 회귀 green"
DOC-PREVIEW-VIEWER-TUW-003,미리보기 DOCUMENT_VIEWED audit 연동,R2,DOC-PREVIEW-VIEWER,H,S,DOC-PREVIEW-VIEWER-TUW-002;AUDIT-DOCUAUDI-DOCUEVEN-TUW-002,apps/api/src/modules/preview/preview.service.ts;tests/integration/document-audit.spec.ts,미리보기 1회=VIEWED 1건(channel=preview) AND 감사 실패 주입 시 미리보기 차단 AND 회귀 green
AUDIT-DOCUAUDI-DOCUEVEN-TUW-001,DOCUMENT_UPLOADED audit event 구현·업로드 경로 연결,R2,AUDIT-DOCUAUDI-DOCUEVEN,H,S,DEVOPS-FREEZE-PERMMODEL-TUW-001;AUDIT-AUDIEVENCO-AUDILOGG-TUW-002;AUDIT-AUDIEVENCO-AUDILOGG-TUW-003;DOC-DOCUUPLO-UPLOAPI-TUW-001,apps/api/src/modules/audit/events/document-events.ts;tests/integration/document-audit.spec.ts,업로드 1건=event 1건(필수 필드·화이트리스트) AND 감사 실패 주입 시 업로드 롤백 AND append-only 회귀 green
AUDIT-DOCUAUDI-DOCUEVEN-TUW-002,DOCUMENT_VIEWED audit event 타입 구현(channel: detail|preview),R2,AUDIT-DOCUAUDI-DOCUEVEN,H,S,AUDIT-DOCUAUDI-DOCUEVEN-TUW-001,apps/api/src/modules/audit/events/document-events.ts,빌더 필수 필드·화이트리스트 단위 테스트(channel 필수) AND 회귀 green
AUDIT-DOCUAUDI-DOCUEVEN-TUW-003,DOCUMENT_DOWNLOADED audit event 타입 구현,R2,AUDIT-DOCUAUDI-DOCUEVEN,H,S,AUDIT-DOCUAUDI-DOCUEVEN-TUW-002,apps/api/src/modules/audit/events/document-events.ts,빌더 필수 필드 검증 AND reason 자유 텍스트 원문 metadata 미포함(code만) AND 회귀 green
AUDIT-DOCUAUDI-DOCUEVEN-TUW-004,DOCUMENT_DELETED(+RESTORED 타입) audit 구현·삭제 경로 연결,R2,AUDIT-DOCUAUDI-DOCUEVEN,H,S,AUDIT-DOCUAUDI-DOCUEVEN-TUW-003;DOC-DOCULIFE-LIFEMANA-TUW-001,apps/api/src/modules/audit/events/document-events.ts;apps/api/src/modules/document/document-lifecycle.service.ts,삭제 1회=DELETED 1건 AND 감사 실패 주입 시 삭제 롤백 AND 회귀 green
AUDIT-DOCUAUDI-DOCUEVEN-TUW-005,GET /v1/documents/:id/audit-events 조회 API 구현(읽기 전용),R2,AUDIT-DOCUAUDI-DOCUEVEN,H,M,AUDIT-DOCUAUDI-DOCUEVEN-TUW-004;SEC-RBAC-ROLEMATR-TUW-005,apps/api/src/modules/audit/audit-query.controller.ts;apps/api/src/modules/audit/audit-query.service.ts,5종 조회·필터·페이지네이션 AND negative(일반 멤버·비멤버·타 matter Owner·cross-tenant 차단) AND 회귀 green
AI-AIPOLI-SCHEMAONLY-TUW-001,"documents.ai_allowed=false + matters.ai_policy_id + ai_policies 테이블 — 스키마만, 기본 거부, 평가 로직 구현 금지",R2,AI-AIPOLI-SCHEMAONLY,H,M,DEVOPS-FREEZE-PERMMODEL-TUW-001;DOC-DOCUMETA-METAEXTR-TUW-001;MATTER-MATTMANA-MATTREGI-TUW-001;CORE-DATACORE-MIGR-TUW-005,db/migrations/0213_create_ai_policies_and_flags.sql;packages/shared/src/types/ai-policy.ts,migrate 왕복+DEFAULT false/DENY/external false 제약 AND RLS negative AND negative(평가 로직 부재 증명: ai_allowed/ai_policy 분기 grep 0건·AI endpoint 0건·packages/ai 변경 0) AND backlog AI<R6 규칙·회귀 green
SEARCH-SEARINDE-INDE-TUW-001,"document_search_index 테이블 생성 (PG FTS tsvector, tenant_id NOT NULL + RLS)",R3,SEARCH-SEARINDE-INDE,H,M,DOC-OCRTEXTEXT-EXTRWORK-TUW-002;CORE-DATACORE-MIGR-TUW-005,db/migrations/0301_create_document_search_index.sql;apps/api/src/modules/search/search.module.ts;apps/api/src/modules/search/index/search-index.repository.ts;tests/integration/search-cross-tenant.spec.ts,migrate/rollback 왕복 green AND RLS cross-tenant 차단 negative 통합테스트 AND 전체 suite 회귀 green
SEARCH-SEARINDE-INDE-TUW-002,텍스트 추출 완료 → pg-boss search-index job enqueue + processor upsert,R3,SEARCH-SEARINDE-INDE,M,M,SEARCH-SEARINDE-INDE-TUW-001,apps/api/src/modules/search/index/indexing.service.ts;apps/api/src/modules/search/index/indexing.processor.ts;tests/integration/search-indexing-flow.spec.ts,추출완료→enqueue→인덱스 row 통합테스트 AND 타 tenant 컨텍스트 처리 실패(RLS) negative AND 회귀 green
SEARCH-SEARINDE-INDE-TUW-003,메타데이터·버전 상태 변경 시 인덱스 갱신 + 반영 SLA 측정,R3,SEARCH-SEARINDE-INDE,M,S,SEARCH-SEARINDE-INDE-TUW-002;DOC-DOCUMETA-METAEXTR-TUW-004,apps/api/src/modules/search/index/index-sync.hook.ts;tests/integration/search-index-sync-sla.spec.ts,메타 변경→인덱스 반영 통합테스트 + SLA(p95) 측정값 기록 AND 회귀 green
SEARCH-SEARINDE-INDE-TUW-004,admin 전용 reindex manager (POST /v1/admin/search/reindex),R3,SEARCH-SEARINDE-INDE,M,M,SEARCH-SEARINDE-INDE-TUW-003;SEC-RBAC-ROLEMATR-TUW-005,apps/api/src/modules/search/index/reindex.service.ts;apps/api/src/modules/search/index/reindex.controller.ts;tests/integration/search-reindex.spec.ts,기능(범위 재enqueue) AND 권한 negative(비admin·타 tenant PERMISSION_DENIED) AND 감사(SEARCH_REINDEX_REQUESTED 필드 충족) AND 회귀 green
SEARCH-SEARINDE-INDE-TUW-005,인덱싱 job 실패 retry(지수 backoff) + dead-letter + 메트릭,R3,SEARCH-SEARINDE-INDE,L,S,SEARCH-SEARINDE-INDE-TUW-004,apps/api/src/modules/search/index/index-failure.handler.ts;apps/api/src/modules/search/index/indexing.processor.ts,오류 주입→재시도·dead-letter·메트릭 확인 AND 실패 로그 본문 미기록(참조 ID만) AND 회귀 green
SEARCH-METASEAR-FILT-TUW-001,SearchFilterBuilder 골격 + matterId filter (파라미터 바인딩 강제),R3,SEARCH-METASEAR-FILT,M,M,SEARCH-SEARINDE-INDE-TUW-001,apps/api/src/modules/search/query/search-filter.builder.ts;packages/shared/src/search/search-query.dto.ts,matterId 필터 정확성 AND SQL injection fixture 바인딩 처리 unit AND 회귀 green
SEARCH-METASEAR-FILT-TUW-002,clientId filter,R3,SEARCH-METASEAR-FILT,L,S,SEARCH-METASEAR-FILT-TUW-001,apps/api/src/modules/search/query/search-filter.builder.ts;packages/shared/src/search/search-query.dto.ts,clientId 필터 정확성 unit/통합 AND 바인딩 유지 AND 회귀 green
SEARCH-METASEAR-FILT-TUW-003,"documentType filter (R2 enum 검증, 재정의 금지)",R3,SEARCH-METASEAR-FILT,L,S,SEARCH-METASEAR-FILT-TUW-002;DOC-DOCUMETA-METAEXTR-TUW-002,apps/api/src/modules/search/query/search-filter.builder.ts;packages/shared/src/search/search-query.dto.ts,타입별 필터 정확성 AND enum 외 값 VALIDATION_FAILED negative AND 회귀 green
SEARCH-METASEAR-FILT-TUW-004,"date range filter (ISO8601, 경계 포함, UTC 정규화)",R3,SEARCH-METASEAR-FILT,L,S,SEARCH-METASEAR-FILT-TUW-003,apps/api/src/modules/search/query/search-filter.builder.ts;packages/shared/src/search/search-query.dto.ts,경계값 포함 의미론 테스트 AND from>to·비ISO 입력 VALIDATION_FAILED negative AND 회귀 green
SEARCH-METASEAR-FILT-TUW-005,version status filter — 기본값 latest only(superseded 제외),R3,SEARCH-METASEAR-FILT,M,S,SEARCH-METASEAR-FILT-TUW-004;DOC-DOCUVERS-VERSRESO-TUW-006,apps/api/src/modules/search/query/search-filter.builder.ts;packages/shared/src/search/search-query.dto.ts,기본 superseded 0건·명시 옵션 포함 AND deleted는 어떤 조합도 미포함 negative AND 회귀 green
SEARCH-FULLSEAR-TEXTQUER-TUW-001,"POST /v1/search 전문검색 API — permission scope provider 필수, deny-all 기본(fail-closed)",R3,SEARCH-FULLSEAR-TEXTQUER,H,M,SEARCH-SEARINDE-INDE-TUW-002;SEARCH-METASEAR-FILT-TUW-001;CORE-SECFOUND-FAILCLOSE-TUW-001,apps/api/src/modules/search/search.controller.ts;apps/api/src/modules/search/search.service.ts;apps/api/src/modules/search/query/search-query.builder.ts;apps/api/src/modules/search/permission/search-permission-scope.provider.ts;tests/integration/search-api.spec.ts,"매칭·score 정렬 기능 AND 권한 negative(scope 미주입/오류 주입→PERMISSION_DENIED, 미인증→AUTH_REQUIRED, 전체 노출 폴백 부재) AND 회귀 green"
SEARCH-FULLSEAR-TEXTQUER-TUW-002,"snippet generator (ts_headline, 권한 통과 row 한정, 최대 200자)",R3,SEARCH-FULLSEAR-TEXTQUER,M,S,SEARCH-FULLSEAR-TEXTQUER-TUW-001,apps/api/src/modules/search/query/snippet-builder.ts;apps/api/src/modules/search/query/search-query.builder.ts,snippet 생성·길이 한도 기능 AND 권한 필터 후 SELECT에서만 생성 구조 확인 AND 로그 미기록 AND 회귀 green
SEARCH-FULLSEAR-TEXTQUER-TUW-003,highlighting (XSS-safe 마커/오프셋),R3,SEARCH-FULLSEAR-TEXTQUER,L,S,SEARCH-FULLSEAR-TEXTQUER-TUW-002,apps/api/src/modules/search/query/snippet-builder.ts;packages/shared/src/search/search-query.dto.ts,강조 위치 정확성 AND script 포함 fixture escape negative AND 회귀 green
SEARCH-FULLSEAR-TEXTQUER-TUW-004,deleted document exclusion — 옵션으로 해제 불가한 고정 조건,R3,SEARCH-FULLSEAR-TEXTQUER,M,S,SEARCH-FULLSEAR-TEXTQUER-TUW-003;DOC-DOCULIFE-LIFEMANA-TUW-001,apps/api/src/modules/search/query/search-query.builder.ts;apps/api/src/modules/search/index/index-sync.hook.ts;tests/integration/search-deleted-exclusion.spec.ts,삭제→미노출·restore→재노출 기능 AND DTO 어떤 값으로도 deleted 포함 불가 negative AND 회귀 green
SEARCH-FULLSEAR-TEXTQUER-TUW-005,SEARCH_EXECUTED audit event — query 원문 비저장(query_hash만),R3,SEARCH-FULLSEAR-TEXTQUER,M,S,SEARCH-FULLSEAR-TEXTQUER-TUW-004;AUDIT-AUDIEVENCO-AUDILOGG-TUW-002,apps/api/src/modules/search/search.service.ts;tests/integration/search-audit.spec.ts,검색(거부 포함) 1회→event 1건·화이트리스트 필드 충족 감사검증 AND audit row에 query 원문 부재 negative AND audit 실패 시 검색 실패 처리 AND 회귀 green
SEARCH-PERMSEAR-PERMFILT-TUW-001,matter permission filter SQL 쿼리 주입 (C — 사람 리뷰 게이트 필수),R3,SEARCH-PERMSEAR-PERMFILT,C,M,DEVOPS-FREEZE-PERMMODEL-TUW-001;SEC-MATTPERM-ACCECONT-TUW-005;SEARCH-FULLSEAR-TEXTQUER-TUW-001,apps/api/src/modules/search/permission/matter-scope.filter.ts;apps/api/src/modules/search/permission/search-permission-scope.provider.ts;tests/integration/search-permission-matter.spec.ts,"member matter 노출 기능 AND 권한 negative(비member·비멤버 Firm Admin 0건, 평가 오류 주입 fail-closed, 사후필터링 부재 코드 검사) AND 감사 유지 AND R1 권한 하네스 회귀 green"
SEARCH-PERMSEAR-PERMFILT-TUW-002,"document permission filter 주입 — confidentiality·deny-overrides, canReadDocument 동치성 (C — 사람 리뷰 게이트 필수)",R3,SEARCH-PERMSEAR-PERMFILT,C,M,SEARCH-PERMSEAR-PERMFILT-TUW-001;SEC-DOCUPERM-ACCECONT-TUW-003,apps/api/src/modules/search/permission/document-scope.filter.ts;apps/api/src/modules/search/permission/search-permission-scope.provider.ts;tests/integration/search-permission-document.spec.ts,"기능 AND 권한 negative(문서 DENY 미노출 deny-overrides, condition_json 해석 불가 fail-closed 제외, canReadDocument 동치성 불일치 0, 사후필터링 부재) AND 감사 유지 AND 회귀 green"
SEARCH-PERMSEAR-PERMFILT-TUW-003,ethical wall filter 주입 — excluded silent exclusion (C — 사람 리뷰 게이트 필수),R3,SEARCH-PERMSEAR-PERMFILT,C,M,SEARCH-PERMSEAR-PERMFILT-TUW-002;SEC-ETHIWALL-WALLENFO-TUW-002,apps/api/src/modules/search/permission/wall-scope.filter.ts;apps/api/src/modules/search/permission/search-permission-scope.provider.ts;tests/integration/search-wall.spec.ts,"기능 AND 권한 negative(excluded 직접/group 경유 0건+오류 비반환 silent, wall 평가 불가 fail-closed, 사후필터링 부재) AND 감사(대상 문서 ID 미기록) AND 회귀 green"
SEARCH-PERMSEAR-PERMFILT-TUW-004,권한 필터 회귀 테스트(role 7 × wall 상태) + 권한 변경 반영 SLA 정의·측정 + CI gate,R3,SEARCH-PERMSEAR-PERMFILT,H,M,SEARCH-PERMSEAR-PERMFILT-TUW-003;SEC-PERMHARN-MATRIX-TUW-001,tests/integration/search-permission-regression.spec.ts;tests/integration/search-permission-sla.spec.ts;infra/ci/,매트릭스 전 조합(허용+차단 negative) expected 100% AND 권한 변경 직후 쿼리 즉시 반영 SLA 측정 기록 AND CI 필수 suite 등재 AND 회귀 green
SEARCH-PERMSEAR-PERMFILT-TUW-005,"metadata leakage test — 전 채널(title/snippet/metadata/total/facet/페이지네이션/오류) 비노출 증명 (C — 사람 리뷰 게이트 필수, 테스트 완화 금지)",R3,SEARCH-PERMSEAR-PERMFILT,C,M,SEARCH-PERMSEAR-PERMFILT-TUW-004,tests/integration/search-metadata-leakage.spec.ts;tests/fixtures/search/leakage-corpus/;infra/ci/,비인가 3종(비member·문서 DENY·wall excluded) 각각 응답 JSON 전체에서 고유 토큰·ID·title 부재 grep-assert AND 혼합 매칭 total 정확 AND facet/페이지네이션 무반영 negative AND 회귀 green
SEC-ETHIWALL-WALLENFO-TUW-005,"wall enforcement in search — 양방향 상호 격리 통합 검증, PERMFILT-003과 통합 (C — 사람 리뷰 게이트 필수)",R3,SEC-ETHIWALL-WALLENFO,C,M,SEARCH-PERMSEAR-PERMFILT-TUW-003,tests/integration/search-wall-bidirectional.spec.ts;infra/ci/,양방향(insider/excluded 상호) 격리 시나리오 green AND membership 변경 직후 즉시 반영 negative AND 기존 wall audit 회귀 무손상 AND 권한 하네스 100% green
SEARCH-UI-PAGE-TUW-001,검색 페이지 (/search) — 검색바·결과 목록·페이지네이션,R3,SEARCH-UI-PAGE,M,M,SEARCH-FULLSEAR-TEXTQUER-TUW-002;CORE-FESHELL-APPSHELL-TUW-003;SEARCH-PERMSEAR-PERMFILT-TUW-001,apps/web/src/app/search/page.tsx;apps/web/src/components/search/search-bar.tsx;apps/web/src/components/search/search-results.tsx;apps/web/src/lib/api/search.ts,렌더·빈 결과·페이지네이션 기능 AND 미인증 리다이렉트 negative·PERMISSION_DENIED 시 단서 없는 일반 오류 AND 회귀 green
SEARCH-UI-PAGE-TUW-002,facet 패널 — 권한 필터 적용 후 서버 집계만 허용,R3,SEARCH-UI-PAGE,M,M,SEARCH-UI-PAGE-TUW-001;SEARCH-METASEAR-FILT-TUW-005,apps/web/src/components/search/search-facets.tsx;apps/api/src/modules/search/search.service.ts;apps/api/src/modules/search/query/search-query.builder.ts,facet 선택→재검색 기능 AND 비인가 문서 facet 카운트 미반영 negative(leakage corpus 재사용)·클라이언트 집계 부재 AND 회귀 green
SEARCH-UI-PAGE-TUW-003,"result card — 서버 응답 필드만 렌더, AI 표시 일절 없음",R3,SEARCH-UI-PAGE,M,S,SEARCH-UI-PAGE-TUW-002;SEARCH-PERMSEAR-PERMFILT-TUW-002,apps/web/src/components/search/result-card.tsx;apps/web/src/components/search/search-results.tsx,필드 렌더·XSS-safe highlight 기능 AND AI/semantic 표기 부재 assert AND 추가 fetch 부재(권한 우회 차단) AND 회귀 green
SEARCH-KOREAN-EVAL-TUW-001,PG FTS 한국어 토큰화 한계 측정 — 법률용어 fixture 30건 (AI 기능 아님),R3,SEARCH-KOREAN-EVAL,M,M,SEARCH-FULLSEAR-TEXTQUER-TUW-001,tests/fixtures/search/korean-legal-terms.json;tools/search-eval/run-korean-eval.ts;docs/reports/R3_korean_tokenization_eval.md,측정 스크립트 2회 실행 동일 수치 재현 + recall/false-positive 보고서 AND 신규 의존성(형태소 분석기) 미도입 AND 회귀 green
SEARCH-KOREAN-EVAL-TUW-002,OpenSearch 전환 판단 보고서 + ADR-006 갱신안 (최종 결정은 사람 승인),R3,SEARCH-KOREAN-EVAL,M,S,SEARCH-KOREAN-EVAL-TUW-001,docs/reports/R3_opensearch_decision_proposal.md;docs/adr/;docs/ledger/decision.md,보고서가 측정 수치·권한 필터 주입 호환성·마이그레이션 경로 포함 AND decision ledger 기재·승인 주체 명시 AND 회귀 green
DEVOPS-EVALSET-V0-TUW-001,"평가셋 v0 수집 절차 문서 — 종결 Matter 비식별 계약서 20~50건, 비식별화 규칙(DEC-16·DEC-13)",R3,DEVOPS-EVALSET-V0,M,S,MATTER-MATTLIFE-STATENGI-TUW-003;DOC-DOCUUPLO-UPLOAPI-TUW-001,docs/evalset/Evaluation_Set_v0_Collection_Procedure.md,문서 완결성(선정 기준·식별자 5종+당사자 치환표·2인 검수·반입 포맷·원본 반입 금지·폐기 절차) AND DEC-16/DEC-13 충돌 0건 AND 회귀 green
DEVOPS-EVALSET-V0-TUW-002,evaluation_cases 테이블(tenant_id NOT NULL+RLS) + 멱등 적재 스크립트(식별자 패턴 위생 검사),R3,DEVOPS-EVALSET-V0,M,M,DEVOPS-EVALSET-V0-TUW-001;CORE-DATACORE-MIGR-TUW-005,db/migrations/0302_create_evaluation_cases.sql;tools/evalset/load-evaluation-cases.ts;tools/evalset/identifier-pattern.check.ts;tests/fixtures/evalset-v0/README.md,migrate/rollback 왕복·적재·재실행 멱등 기능 AND RLS 타 tenant 0건 negative AND 주민번호 패턴 오염 fixture 적재 전면 거부 negative AND 회귀 green
