work_id,title,release,module,risk,size,depends_on,files,verification
SEC-DLP-SENSDATADE-TUW-001,Korean resident identifier detector,R4,SEC-DLP-SENSDATADE,C,S,,packages/shared/src/dlp;apps/api/src/modules/dlp;tests/fixtures/dlp;tests/integration/audit-coverage,"synthetic fixtures detect only fake resident identifiers AND false positives bounded AND no raw value in logs or audit"
SEC-DLP-SENSDATADE-TUW-002,Bank account detector,R4,SEC-DLP-SENSDATADE,C,S,SEC-DLP-SENSDATADE-TUW-001,packages/shared/src/dlp;apps/api/src/modules/dlp;tests/fixtures/dlp,"synthetic bank account fixtures detect AND invalid checksums or allowlisted shapes ignored AND regression green"
SEC-DLP-SENSDATADE-TUW-003,Email and phone detector,R4,SEC-DLP-SENSDATADE,C,S,SEC-DLP-SENSDATADE-TUW-002,packages/shared/src/dlp;apps/api/src/modules/dlp;tests/fixtures/dlp,"synthetic email and phone fixtures detect AND safe domains handled AND regression green"
SEC-DLP-SENSDATADE-TUW-004,DLP finding schema and RLS,R4,SEC-DLP-SENSDATADE,C,M,SEC-DLP-SENSDATADE-TUW-003,db/migrations;packages/shared/src/dlp;apps/api/src/modules/dlp;tests/integration/cross-tenant;tests/integration/audit-coverage,"dlp_findings has tenant_id NOT NULL and FORCE RLS AND findings store hash and references only AND audit coverage green"
EMAIL-EMAIINGE-PARS-TUW-001,Email message schema,R4,EMAIL-EMAIINGE-PARS,H,M,SEC-DLP-SENSDATADE-TUW-004,db/migrations;packages/shared/src/email;apps/api/src/modules/email;tests/integration/cross-tenant,"email_messages has tenant_id NOT NULL and FORCE RLS AND raw pointer references immutable object AND migration roundtrip green"
EMAIL-EMAIINGE-PARS-TUW-002,EML parser adapter,R4,EMAIL-EMAIINGE-PARS,H,M,EMAIL-EMAIINGE-PARS-TUW-001,workers/ingestion;apps/api/src/modules/email;tests/fixtures/emails,"synthetic EML parsed deterministically AND parser failure preserves original AND no network calls"
EMAIL-EMAIINGE-PARS-TUW-003,MSG parser skeleton,R4,EMAIL-EMAIINGE-PARS,M,S,EMAIL-EMAIINGE-PARS-TUW-002,workers/ingestion;apps/api/src/modules/email;tests/fixtures/emails,"MSG input is accepted as pending unsupported skeleton AND original preserved AND no lossy parse claim"
EMAIL-EMAIINGE-PARS-TUW-004,Raw email immutable storage,R4,EMAIL-EMAIINGE-PARS,H,M,EMAIL-EMAIINGE-PARS-TUW-003,apps/api/src/modules/email;apps/api/src/modules/storage;tests/integration/storage-isolation,"raw email bytes use tenant prefix storage AND overwrite blocked AND storage isolation green"
EMAIL-EMAIINGE-PARS-TUW-005,Message id duplicate guard,R4,EMAIL-EMAIINGE-PARS,H,S,EMAIL-EMAIINGE-PARS-TUW-004,apps/api/src/modules/email;db/migrations;tests/integration/audit-coverage,"same tenant duplicate message id blocked AND cross tenant duplicate allowed separately AND audit event recorded"
EMAIL-EMAIMETA-NORM-TUW-001,Header extractor,R4,EMAIL-EMAIMETA-NORM,M,S,EMAIL-EMAIINGE-PARS-TUW-005,packages/shared/src/email;apps/api/src/modules/email;workers/ingestion,"from to cc subject message id references extracted AND bounded values stored AND body omitted"
EMAIL-EMAIMETA-NORM-TUW-002,Participant normalizer,R4,EMAIL-EMAIMETA-NORM,M,S,EMAIL-EMAIMETA-NORM-TUW-001,packages/shared/src/email;apps/api/src/modules/email,"participants canonicalized by address hash and domain reference AND display names bounded"
EMAIL-EMAIMETA-NORM-TUW-003,Sent received date normalizer,R4,EMAIL-EMAIMETA-NORM,M,S,EMAIL-EMAIMETA-NORM-TUW-002,packages/shared/src/email;apps/api/src/modules/email,"date headers normalize to timestamptz AND malformed dates fail closed to received_at null with parser warning"
EMAIL-EMAIMETA-NORM-TUW-004,Outside participant flag,R4,EMAIL-EMAIMETA-NORM,H,S,EMAIL-EMAIMETA-NORM-TUW-003,apps/api/src/modules/email;packages/shared/src/email,"non tenant domains flagged as outside participants AND this is display only with no send or share flow"
EMAIL-EMAIMETA-NORM-TUW-005,Email metadata audit,R4,EMAIL-EMAIMETA-NORM,H,S,EMAIL-EMAIMETA-NORM-TUW-004,apps/api/src/modules/audit;apps/api/src/modules/email;tests/integration/audit-coverage,"EMAIL_IMPORTED and EMAIL_METADATA_UPDATED audit store references only AND audit insert failure rolls back"
EMAIL-ATTAHAND-ATTALINK-TUW-001,Attachment metadata extractor,R4,EMAIL-ATTAHAND-ATTALINK,H,S,EMAIL-EMAIMETA-NORM-TUW-005,workers/ingestion;apps/api/src/modules/email;tests/fixtures/emails,"attachment names sizes media hints extracted AND unsafe names normalized AND raw contents not logged"
EMAIL-ATTAHAND-ATTALINK-TUW-002,Attachment FileObject creation,R4,EMAIL-ATTAHAND-ATTALINK,H,M,EMAIL-ATTAHAND-ATTALINK-TUW-001,apps/api/src/modules/email;apps/api/src/modules/storage;tests/integration/storage-isolation,"attachments create tenant-prefixed FileObjects AND hash recorded AND rollback compensation works"
EMAIL-ATTAHAND-ATTALINK-TUW-003,Attachment Document pipeline reuse,R4,EMAIL-ATTAHAND-ATTALINK,H,M,EMAIL-ATTAHAND-ATTALINK-TUW-002,apps/api/src/modules/email;apps/api/src/modules/document;tests/integration/document-access,"attachment documents go through R2 upload hash version permission path AND no bypass service exists"
EMAIL-ATTAHAND-ATTALINK-TUW-004,Email document link,R4,EMAIL-ATTAHAND-ATTALINK,H,S,EMAIL-ATTAHAND-ATTALINK-TUW-003,db/migrations;apps/api/src/modules/email;tests/integration/cross-tenant,"email_document_links has tenant_id NOT NULL and RLS AND bidirectional lookup respects matter permission"
EMAIL-ATTAHAND-ATTALINK-TUW-005,Attachment duplicate hash handling,R4,EMAIL-ATTAHAND-ATTALINK,M,S,EMAIL-ATTAHAND-ATTALINK-TUW-004,apps/api/src/modules/email;apps/api/src/modules/document,"duplicate attachments reuse duplicate candidate logic AND still create correct email link references"
EMAIL-MATTFILI-FILIENGI-TUW-001,Manual filing API,R4,EMAIL-MATTFILI-FILIENGI,H,M,EMAIL-ATTAHAND-ATTALINK-TUW-005,apps/api/src/modules/email;apps/api/src/modules/permission;tests/integration/permission-matrix,"filing requires canUploadToMatter AND non member filing denied with ACCESS_DENIED audit"
EMAIL-MATTFILI-FILIENGI-TUW-002,Subject based matter suggestion,R4,EMAIL-MATTFILI-FILIENGI,M,S,EMAIL-MATTFILI-FILIENGI-TUW-001,apps/api/src/modules/email;apps/api/src/modules/search,"suggestions use metadata only AND query-time permission scope AND no body or AI inference"
EMAIL-MATTFILI-FILIENGI-TUW-003,Participant domain matter suggestion,R4,EMAIL-MATTFILI-FILIENGI,M,S,EMAIL-MATTFILI-FILIENGI-TUW-002,apps/api/src/modules/email;apps/api/src/modules/client,"domain suggestions are deterministic rules AND authorized matter scope only AND no outside sending"
EMAIL-MATTFILI-FILIENGI-TUW-004,Email filing audit,R4,EMAIL-MATTFILI-FILIENGI,H,S,EMAIL-MATTFILI-FILIENGI-TUW-003,apps/api/src/modules/audit;apps/api/src/modules/email;tests/integration/audit-coverage,"EMAIL_FILED audit is mandatory AND metadata contains email_id matter_id document ids only"
EMAIL-MATTFILI-FILIENGI-TUW-005,Email timeline item,R4,EMAIL-MATTFILI-FILIENGI,H,M,EMAIL-MATTFILI-FILIENGI-TUW-004,apps/api/src/modules/email;apps/web/src;tests/integration/document-access,"matter timeline shows filed emails only to authorized users AND wall excluded users see zero"
EMAIL-EMAISECU-EMAIDLP-TUW-001,Outside recipient display warning,R4,EMAIL-EMAISECU-EMAIDLP,H,S,EMAIL-MATTFILI-FILIENGI-TUW-005,apps/api/src/modules/email;apps/web/src,"outside participant warning is display only AND no send share or link flow is added"
EMAIL-EMAISECU-EMAIDLP-TUW-002,Attachment DLP scan hook,R4,EMAIL-EMAISECU-EMAIDLP,C,M,EMAIL-EMAISECU-EMAIDLP-TUW-001;SEC-DLP-SENSDATADE-TUW-004,apps/api/src/modules/dlp;apps/api/src/modules/email;tests/integration/audit-coverage,"attachment import invokes DLP detector AND findings stored as references AND scan failure blocks filing fail closed"
EMAIL-EMAISECU-EMAIDLP-TUW-003,Privilege tag suggestion,R4,EMAIL-EMAISECU-EMAIDLP,H,S,EMAIL-EMAISECU-EMAIDLP-TUW-002,apps/api/src/modules/email;packages/shared/src/email,"privilege tag suggestion uses headers and metadata rules only AND user confirmation required"
EMAIL-EMAISECU-EMAIDLP-TUW-004,Wrong matter filing warning skeleton,R4,EMAIL-EMAISECU-EMAIDLP,H,S,EMAIL-EMAISECU-EMAIDLP-TUW-003,apps/api/src/modules/email;apps/web/src,"warning compares deterministic metadata signals AND never auto files or sends"
EMAIL-EMAITHRE-THREAD-TUW-001,Thread builder,R4,EMAIL-EMAITHRE-THREAD,H,M,EMAIL-EMAISECU-EMAIDLP-TUW-004,apps/api/src/modules/email;apps/web/src,"Message-ID In-Reply-To References thread graph builds per tenant AND permission filtered timeline green"
EMAIL-UPLOENDP-UPLOAD-TUW-001,Email upload endpoint,R4,EMAIL-UPLOENDP-UPLOAD,H,M,EMAIL-EMAITHRE-THREAD-TUW-001,apps/api/src/modules/email;packages/shared/src/email;tests/integration/document-access,"EML MSG upload endpoint requires matter upload permission AND validates size and extension AND audit green"
INGEST-HWP5-SPIKE-TUW-001,HWP5 binary extraction spike,R4,INGEST-HWP5-SPIKE,M,S,EMAIL-UPLOENDP-UPLOAD-TUW-001,workers/ingestion;docs/reports,"spike records feasibility and parser boundary AND no unsupported production parser claim"
SEC-DLP-SENSDATADE-TUW-005,Passport alien card detector set,R5,SEC-DLP-SENSDATADE,C,M,,packages/shared/src/dlp;apps/api/src/modules/dlp;tests/fixtures/dlp,"synthetic passport alien registration and card fixtures detect AND masked references only AND DLP regression green"
SEC-DLP-SENSDATADE-TUW-006,Model egress DLP block hook,R5,SEC-DLP-SENSDATADE,C,M,SEC-DLP-SENSDATADE-TUW-005,apps/api/src/modules/dlp;packages/shared/src/dlp,"model egress hook blocks detected sensitive findings by default AND records reference-only audit"
SEC-ETHIWALL-WALLENFO-TUW-004,Document wall enforcement proof,R5,SEC-ETHIWALL-WALLENFO,C,M,SEC-DLP-SENSDATADE-TUW-006,apps/api/src/modules/permission;tests/integration/document-access;tests/integration/search-permission,"document and search wall negative suites prove no bypass AND existing permission matrix unchanged"
SEC-ETHIWALL-WALLENFO-TUW-007,Break glass workflow entry,R5,SEC-ETHIWALL-WALLENFO,C,M,SEC-ETHIWALL-WALLENFO-TUW-004,apps/api/src/modules/ethical-wall;apps/api/src/modules/permission,"wall override remains denied until dual approval state exists AND attempts audited"
SEC-BREAKGLAS-DUALAPPR-TUW-001,Break glass request schema,R5,SEC-BREAKGLAS-DUALAPPR,C,M,SEC-ETHIWALL-WALLENFO-TUW-007,db/migrations;apps/api/src/modules/break-glass;tests/integration/cross-tenant,"break_glass_requests has tenant_id NOT NULL and RLS AND requester approver constraints"
SEC-BREAKGLAS-DUALAPPR-TUW-002,Dual approval API,R5,SEC-BREAKGLAS-DUALAPPR,C,M,SEC-BREAKGLAS-DUALAPPR-TUW-001,apps/api/src/modules/break-glass;packages/shared/src/break-glass,"two distinct approvers required AND requester cannot approve AND expiration required"
SEC-BREAKGLAS-DUALAPPR-TUW-003,Temporary wall override evaluator,R5,SEC-BREAKGLAS-DUALAPPR,C,M,SEC-BREAKGLAS-DUALAPPR-TUW-002,apps/api/src/modules/permission;apps/api/src/modules/break-glass,"approved unexpired request is the only wall override path AND expired state denies"
SEC-BREAKGLAS-DUALAPPR-TUW-004,Break glass audit and revocation,R5,SEC-BREAKGLAS-DUALAPPR,C,S,SEC-BREAKGLAS-DUALAPPR-TUW-003,apps/api/src/modules/audit;apps/api/src/modules/break-glass,"request approval use revoke and expiry events audited AND metadata reference only"
SEC-ABAC-ATTRPOLI-TUW-001,Attribute policy schema,R5,SEC-ABAC-ATTRPOLI,C,M,SEC-BREAKGLAS-DUALAPPR-TUW-004,db/migrations;packages/shared/src/permission,"policy attributes are tenant scoped with RLS AND unknown attributes deny by default"
SEC-ABAC-ATTRPOLI-TUW-002,Condition json evaluator,R5,SEC-ABAC-ATTRPOLI,C,M,SEC-ABAC-ATTRPOLI-TUW-001,apps/api/src/modules/permission;packages/shared/src/permission,"condition_json supports allowed operators only AND parse errors deny AND injection fixtures green"
SEC-ABAC-ATTRPOLI-TUW-003,Priority and validity windows,R5,SEC-ABAC-ATTRPOLI,C,S,SEC-ABAC-ATTRPOLI-TUW-002,apps/api/src/modules/permission,"deny overrides and valid_from valid_to ordering preserved AND expired allow denies"
SEC-ABAC-ATTRPOLI-TUW-004,RBAC matrix invariance proof,R5,SEC-ABAC-ATTRPOLI,C,M,SEC-ABAC-ATTRPOLI-TUW-003,tests/integration/permission-matrix;docs/reports,"existing role matrix cells unchanged AND added attribute cases documented AND false allow zero"
AUDIT-AUDICONS-CONS-TUW-001,Audit search API,R5,AUDIT-AUDICONS-CONS,C,M,SEC-ABAC-ATTRPOLI-TUW-004,apps/api/src/modules/audit;packages/shared/src/dto/audit,"Firm Admin and Security Admin only AND query filters are tenant scoped AND metadata safe"
AUDIT-AUDICONS-CONS-TUW-002,Actor action date filters,R5,AUDIT-AUDICONS-CONS,H,S,AUDIT-AUDICONS-CONS-TUW-001,apps/api/src/modules/audit;apps/web/src,"filters are bounded and indexed AND no raw metadata search"
AUDIT-AUDICONS-CONS-TUW-003,Target resource filters,R5,AUDIT-AUDICONS-CONS,H,S,AUDIT-AUDICONS-CONS-TUW-002,apps/api/src/modules/audit;apps/web/src,"target filters enforce permission to target scope AND unauthorized query returns safe denial"
AUDIT-AUDICONS-CONS-TUW-004,Audit CSV export,R5,AUDIT-AUDICONS-CONS,C,M,AUDIT-AUDICONS-CONS-TUW-003,apps/api/src/modules/audit;apps/web/src,"export requires admin role AND exported fields are whitelist only AND export itself audited"
AUDIT-AUDICONS-CONS-TUW-005,Audit console UI,R5,AUDIT-AUDICONS-CONS,H,M,AUDIT-AUDICONS-CONS-TUW-004,apps/web/src;apps/api/src/modules/audit,"console renders server results only AND non admin route blocked AND integration green"
SEC-SHAREPOLICY-DEFIONLY-TUW-001,Sharing policy definition only,R5,SEC-SHAREPOLICY-DEFIONLY,H,S,AUDIT-AUDICONS-CONS-TUW-005,docs/policies;db/migrations,"policy table and docs define future controls only AND no endpoint link issue or outside user flow"
SEC-ETHIWALL-WALLADMIUI-TUW-001,Wall admin UI,R5,SEC-ETHIWALL-WALLADMIUI,H,M,SEC-SHAREPOLICY-DEFIONLY-TUW-001,apps/web/src;apps/api/src/modules/ethical-wall,"Security Admin can manage wall membership AND every change audited AND matrix green"
AI-AIPOLI-POLIEVAL-TUW-001,Matter AI policy evaluator,R6,AI-AIPOLI-POLIEVAL,C,M,,apps/api/src/modules/ai-policy;packages/shared/src/types/ai-policy,"default DENY policy evaluates fail closed AND R2 schema reused without recreation"
AI-AIPOLI-POLIEVAL-TUW-002,Document aiAllowed evaluator,R6,AI-AIPOLI-POLIEVAL,C,S,AI-AIPOLI-POLIEVAL-TUW-001,apps/api/src/modules/ai-policy;apps/api/src/modules/document,"document aiAllowed false blocks retrieval AND true is necessary not sufficient"
AI-AIPOLI-POLIEVAL-TUW-003,AI blocked standard response,R6,AI-AIPOLI-POLIEVAL,C,S,AI-AIPOLI-POLIEVAL-TUW-002,apps/api/src/modules/ai-policy;packages/shared/src,"blocked responses use AI_POLICY_BLOCKED AND reveal no document existence"
AI-AIPOLI-POLIEVAL-TUW-004,Model access policy table evaluator,R6,AI-AIPOLI-POLIEVAL,C,M,AI-AIPOLI-POLIEVAL-TUW-003,db/migrations;apps/api/src/modules/ai-policy,"model policies are tenant scoped with RLS AND unknown model route denied"
AI-AIPOLI-POLIEVAL-TUW-005,AI policy audit coverage,R6,AI-AIPOLI-POLIEVAL,C,S,AI-AIPOLI-POLIEVAL-TUW-004,apps/api/src/modules/audit;tests/integration/audit-coverage,"policy allow block and parse failure audited with hash references only"
AI-AICONT-CHUNEVID-TUW-001,Parent child chunk builder,R6,AI-AICONT-CHUNEVID,C,M,AI-AIPOLI-POLIEVAL-TUW-005,apps/api/src/modules/ai;workers/ingestion,"chunks preserve provenance and bounds AND raw content storage follows canonical document rules"
AI-AICONT-CHUNEVID-TUW-002,Chunk provenance schema,R6,AI-AICONT-CHUNEVID,C,M,AI-AICONT-CHUNEVID-TUW-001,db/migrations;packages/shared/src/ai,"chunks table has tenant_id NOT NULL and RLS AND provenance references document version"
SEARCH-SEMASEAR-VECT-TUW-001,Embedding job with pgvector,R6,SEARCH-SEMASEAR-VECT,H,M,AI-AICONT-CHUNEVID-TUW-002,db/migrations;apps/api/src/modules/search;workers/ingestion,"pgvector enabled only in R6 AND job uses authorized chunk references AND no outside model call"
SEARCH-SEMASEAR-VECT-TUW-002,Vector index table,R6,SEARCH-SEMASEAR-VECT,H,M,SEARCH-SEMASEAR-VECT-TUW-001,db/migrations;apps/api/src/modules/search,"embeddings table has tenant_id NOT NULL FORCE RLS stale flag AND stale rows excluded"
SEARCH-SEMASEAR-VECT-TUW-003,Similarity search API,R6,SEARCH-SEMASEAR-VECT,H,M,SEARCH-SEMASEAR-VECT-TUW-002,apps/api/src/modules/search;packages/shared/src/search,"similarity query requires permission scope before execution AND no post filtering"
SEARCH-SEMASEAR-VECT-TUW-004,Hybrid score combiner,R6,SEARCH-SEMASEAR-VECT,H,S,SEARCH-SEMASEAR-VECT-TUW-003,apps/api/src/modules/search,"BM25 and vector scores combine deterministically AND permission scope remains query stage"
SEARCH-SEMASEAR-VECT-TUW-005,Semantic result permission filter,R6,SEARCH-SEMASEAR-VECT,C,M,SEARCH-SEMASEAR-VECT-TUW-004,apps/api/src/modules/search;tests/integration/metadata-leakage,"semantic results obey matter document wall aiAllowed filters AND leakage zero"
AI-AIRETR-RETRORCH-TUW-001,Question type classifier,R6,AI-AIRETR-RETRORCH,H,S,SEARCH-SEMASEAR-VECT-TUW-005,apps/api/src/modules/ai,"unsupported graph or rule dependent questions return scoped unsupported result"
AI-AIRETR-RETRORCH-TUW-002,Metadata filter builder,R6,AI-AIRETR-RETRORCH,C,S,AI-AIRETR-RETRORCH-TUW-001,apps/api/src/modules/ai;apps/api/src/modules/search,"metadata filters are permission scoped before retrieval AND invalid filters deny"
AI-AIRETR-RETRORCH-TUW-003,Hybrid retrieval orchestrator,R6,AI-AIRETR-RETRORCH,C,M,AI-AIRETR-RETRORCH-TUW-002,apps/api/src/modules/ai;apps/api/src/modules/search,"retrieval combines allowed BM25 and vector candidates AND denied candidates excluded before context"
AI-AIRETR-RETRORCH-TUW-004,Permission bound retrieval filter,R6,AI-AIRETR-RETRORCH,C,M,AI-AIRETR-RETRORCH-TUW-003,apps/api/src/modules/ai;apps/api/src/modules/permission,"retrieval calls PermissionService scope builder once before query AND fail closed injection green"
AI-AIRETR-RETRORCH-TUW-005,Redaction preprocessor hook,R6,AI-AIRETR-RETRORCH,C,S,AI-AIRETR-RETRORCH-TUW-004,apps/api/src/modules/ai;apps/api/src/modules/dlp,"DLP findings trigger redaction before local model context AND redaction failure blocks"
AI-AIRETR-RETRORCH-TUW-006,Reranker interface,R6,AI-AIRETR-RETRORCH,H,S,AI-AIRETR-RETRORCH-TUW-005,apps/api/src/modules/ai,"reranker is local deterministic or no-op AND no outside SDK dependency"
SEC-ETHIWALL-WALLENFO-TUW-006,Wall enforcement in AI retrieval,R6,SEC-ETHIWALL-WALLENFO,C,M,AI-AIRETR-RETRORCH-TUW-006,apps/api/src/modules/ai;apps/api/src/modules/permission,"wall excluded subjects retrieve zero AI context AND audit excluded count"
AI-AICONT-CHUNEVID-TUW-003,Context ranker,R6,AI-AICONT-CHUNEVID,C,S,SEC-ETHIWALL-WALLENFO-TUW-006,apps/api/src/modules/ai,"ranking uses authorized chunks only AND stable tie break"
AI-AICONT-CHUNEVID-TUW-004,Context window manager,R6,AI-AICONT-CHUNEVID,C,S,AI-AICONT-CHUNEVID-TUW-003,apps/api/src/modules/ai,"window never exceeds bounded token budget AND omitted chunks logged by id only"
AI-AICONT-CHUNEVID-TUW-005,Evidence Pack schema,R6,AI-AICONT-CHUNEVID,C,M,AI-AICONT-CHUNEVID-TUW-004,packages/shared/src/ai;apps/api/src/modules/ai,"Evidence Pack includes graph_facts and rule_findings as forced empty arrays before R7 R8"
AI-AICONT-CHUNEVID-TUW-006,Evidence Pack builder,R6,AI-AICONT-CHUNEVID,C,M,AI-AICONT-CHUNEVID-TUW-005,apps/api/src/modules/ai,"builder emits citations from authorized chunks only AND leakage removal test green"
AI-CITA-CITAMAPP-TUW-001,Citation object schema,R6,AI-CITA-CITAMAPP,C,S,AI-AICONT-CHUNEVID-TUW-006,packages/shared/src/ai,"citation schema requires document_id version_id chunk_id and quote hash not raw body"
AI-CITA-CITAMAPP-TUW-002,Chunk to source mapper,R6,AI-CITA-CITAMAPP,C,S,AI-CITA-CITAMAPP-TUW-001,apps/api/src/modules/ai,"mapper resolves source only if caller can read document AND fail closed on missing source"
AI-CITA-CITAMAPP-TUW-003,Cited document log,R6,AI-CITA-CITAMAPP,C,S,AI-CITA-CITAMAPP-TUW-002,apps/api/src/modules/audit;apps/api/src/modules/ai,"cited documents logged by id hash and included status only"
AI-CITA-CITAMAPP-TUW-004,Source panel API,R6,AI-CITA-CITAMAPP,H,M,AI-CITA-CITAMAPP-TUW-003,apps/api/src/modules/ai;apps/web/src,"source panel rechecks document permission AND safe denied response"
AI-CITA-CITAMAPP-TUW-005,Citation verification warning,R6,AI-CITA-CITAMAPP,C,S,AI-CITA-CITAMAPP-TUW-004,apps/api/src/modules/ai;apps/web/src,"unsupported or uncited claims are flagged AND no legal conclusion auto approval"
AI-AISESS-SESSLOGG-TUW-001,AI session schema,R6,AI-AISESS-SESSLOGG,C,M,AI-CITA-CITAMAPP-TUW-005,db/migrations;packages/shared/src/ai,"ai_sessions has tenant_id NOT NULL FORCE RLS AND prompt response raw text not stored"
AI-AISESS-SESSLOGG-TUW-002,Prompt hash logging,R6,AI-AISESS-SESSLOGG,C,S,AI-AISESS-SESSLOGG-TUW-001,apps/api/src/modules/ai,"prompt hash and length stored AND prompt raw text absent from DB audit logs"
AI-AISESS-SESSLOGG-TUW-003,Response hash logging,R6,AI-AISESS-SESSLOGG,C,S,AI-AISESS-SESSLOGG-TUW-002,apps/api/src/modules/ai,"response hash and metrics stored AND response raw text absent from audit"
AI-AISESS-SESSLOGG-TUW-004,Retrieved chunk log,R6,AI-AISESS-SESSLOGG,C,S,AI-AISESS-SESSLOGG-TUW-003,apps/api/src/modules/ai,"retrieved included and excluded chunk ids logged with reason codes only"
AI-AISESS-SESSLOGG-TUW-005,AI session detail API,R6,AI-AISESS-SESSLOGG,C,M,AI-AISESS-SESSLOGG-TUW-004,apps/api/src/modules/ai;apps/web/src,"session details visible only to owner or authorized admin AND source permission rechecked"
AUDIT-AIAUDI-AIEVEN-TUW-001,AI query submitted audit,R6,AUDIT-AIAUDI-AIEVEN,C,S,AI-AISESS-SESSLOGG-TUW-005,apps/api/src/modules/audit;apps/api/src/modules/ai,"AI_QUERY_SUBMITTED audit mandatory AND stores session model route matter id only"
AUDIT-AIAUDI-AIEVEN-TUW-002,AI retrieval audit,R6,AUDIT-AIAUDI-AIEVEN,C,S,AUDIT-AIAUDI-AIEVEN-TUW-001,apps/api/src/modules/audit;apps/api/src/modules/ai,"AI_RETRIEVAL audit records included excluded counts and ids only"
AUDIT-AIAUDI-AIEVEN-TUW-003,AI response audit,R6,AUDIT-AIAUDI-AIEVEN,C,S,AUDIT-AIAUDI-AIEVEN-TUW-002,apps/api/src/modules/audit;apps/api/src/modules/ai,"AI_RESPONSE audit records hashes metrics and block status only"
AUDIT-AIAUDI-AIEVEN-TUW-004,Cited document audit,R6,AUDIT-AIAUDI-AIEVEN,C,S,AUDIT-AIAUDI-AIEVEN-TUW-003,apps/api/src/modules/audit;apps/api/src/modules/ai,"each cited source creates reference event AND denied source never cited"
AUDIT-AIAUDI-AIEVEN-TUW-005,Excluded retrieval count audit,R6,AUDIT-AIAUDI-AIEVEN,C,S,AUDIT-AIAUDI-AIEVEN-TUW-004,apps/api/src/modules/audit;apps/api/src/modules/ai,"excluded retrieval count recorded without titles snippets or body"
AI-MODEROUT-RISKROUT-TUW-001,Model tier enum,R6,AI-MODEROUT-RISKROUT,C,S,AUDIT-AIAUDI-AIEVEN-TUW-005,packages/shared/src/ai,"only local_gemma route is enabled in R6 AND unknown route denied"
AI-MODEROUT-RISKROUT-TUW-002,Task risk classifier,R6,AI-MODEROUT-RISKROUT,C,S,AI-MODEROUT-RISKROUT-TUW-001,apps/api/src/modules/ai,"risk classifier is deterministic and conservative AND high risk escalates"
AI-MODEROUT-RISKROUT-TUW-003,Local Gemma route,R6,AI-MODEROUT-RISKROUT,C,M,AI-MODEROUT-RISKROUT-TUW-002,apps/api/src/modules/ai;packages/ai,"local route abstraction calls configured local endpoint only AND disabled config blocks"
AI-MODEROUT-RISKROUT-TUW-004,Outside model approval hook always deny,R6,AI-MODEROUT-RISKROUT,C,S,AI-MODEROUT-RISKROUT-TUW-003,apps/api/src/modules/ai,"non local routes always deny in R6 AND attempt audited"
AI-MODEROUT-RISKROUT-TUW-005,Escalation flag,R6,AI-MODEROUT-RISKROUT,H,S,AI-MODEROUT-RISKROUT-TUW-004,apps/api/src/modules/ai;apps/web/src,"high risk or unsupported questions set escalation flag AND no answer fabricated"
AI-AIFEAT-SUMM-TUW-001,Document summary,R6,AI-AIFEAT-SUMM,H,M,AI-MODEROUT-RISKROUT-TUW-005,apps/api/src/modules/ai;apps/web/src,"summary uses Evidence Pack only AND citations required AND denied docs absent"
AI-AIFEAT-SUMM-TUW-002,Matter summary,R6,AI-AIFEAT-SUMM,H,M,AI-AIFEAT-SUMM-TUW-001,apps/api/src/modules/ai;apps/web/src,"matter summary limited to authorized matter corpus AND audit green"
AI-AIFEAT-SUMM-TUW-003,Email thread summary,R6,AI-AIFEAT-SUMM,H,M,AI-AIFEAT-SUMM-TUW-002,apps/api/src/modules/ai;apps/web/src,"email summary uses filed authorized thread context AND outside participant text not logged"
AI-AIFEAT-SUMM-TUW-004,Clause analysis template degraded,R6,AI-AIFEAT-SUMM,H,S,AI-AIFEAT-SUMM-TUW-003,apps/api/src/modules/ai,"clause template states rule findings unavailable before R8 AND requires citation"
AI-AIFEAT-SUMM-TUW-005,Risk extraction template degraded,R6,AI-AIFEAT-SUMM,H,S,AI-AIFEAT-SUMM-TUW-004,apps/api/src/modules/ai,"risk template uses retrieved evidence only AND escalates unsupported conclusions"
AI-FEEDSTOR-FEEDCAPT-TUW-001,Feedback item schema,R6,AI-FEEDSTOR-FEEDCAPT,H,M,AI-AIFEAT-SUMM-TUW-005,db/migrations;packages/shared/src/ai,"feedback_items has tenant_id NOT NULL FORCE RLS AND no prompt response body"
AI-FEEDSTOR-FEEDCAPT-TUW-002,Feedback capture API,R6,AI-FEEDSTOR-FEEDCAPT,H,S,AI-FEEDSTOR-FEEDCAPT-TUW-001,apps/api/src/modules/ai;apps/web/src,"feedback tied to session owner or admin AND audit green"
AI-FEEDSTOR-FEEDCAPT-TUW-003,Shadow pilot metrics query,R6,AI-FEEDSTOR-FEEDCAPT,H,S,AI-FEEDSTOR-FEEDCAPT-TUW-002,apps/api/src/modules/ai;docs/reports,"pilot metrics aggregate without sensitive text AND stop criteria computable"
DEVOPS-EVALHARN-GATEMEAS-TUW-001,AI eval harness integration,R6,DEVOPS-EVALHARN-GATEMEAS,H,M,AI-FEEDSTOR-FEEDCAPT-TUW-003,tools/evalset;apps/api/src/modules/ai,"eval harness runs on approved subset only AND permission leakage test included"
DEVOPS-EVALHARN-GATEMEAS-TUW-002,AI gate metric report,R6,DEVOPS-EVALHARN-GATEMEAS,H,S,DEVOPS-EVALHARN-GATEMEAS-TUW-001,tools/evalset;docs/reports,"report emits citation accuracy hallucination permission accuracy and recall metrics"
DEVOPS-EVALHARN-GATEMEAS-TUW-003,MVP declaration evidence pack,R6,DEVOPS-EVALHARN-GATEMEAS,H,S,DEVOPS-EVALHARN-GATEMEAS-TUW-002,docs/ledger/gates;docs/ledger/decision,"R6 Gate evidence complete AND MVP decision ledger ready after technical pass"
GRAPH-TAXO-NODEEDGE-TUW-001,Graph node and edge taxonomy,R7,GRAPH-TAXO-NODEEDGE,H,M,,docs/architecture;packages/shared/src/graph,"taxonomy covers Client Matter Document Clause Issue Risk AND tenant scope defined"
GRAPH-TAXO-NODEEDGE-TUW-002,Graph store adapter,R7,GRAPH-TAXO-NODEEDGE,H,M,GRAPH-TAXO-NODEEDGE-TUW-001,apps/api/src/modules/graph;infra,"adapter isolated behind interface AND local dev service documented AND no query bypass"
GRAPH-PERM-QUERY-TUW-001,Graph permission model,R7,GRAPH-PERM-QUERY,C,M,GRAPH-TAXO-NODEEDGE-TUW-002,apps/api/src/modules/graph;apps/api/src/modules/permission,"graph query injects matter document wall filters before traversal AND leakage zero"
GRAPH-MAPPER-RDB-TUW-001,Client matter document node mapper,R7,GRAPH-MAPPER-RDB,H,M,GRAPH-PERM-QUERY-TUW-001,apps/api/src/modules/graph,"RDB rows map to graph nodes idempotently AND deleted docs excluded"
GRAPH-SYNC-EVENT-TUW-001,Event based graph sync,R7,GRAPH-SYNC-EVENT,H,M,GRAPH-MAPPER-RDB-TUW-001,apps/api/src/modules/graph;apps/api/src/modules/audit,"sync job retries and audits state changes AND tenant isolation green"
GRAPH-CONSIST-CHECK-TUW-001,RDB graph consistency checker,R7,GRAPH-CONSIST-CHECK,H,S,GRAPH-SYNC-EVENT-TUW-001,tools/graph;tests/integration,"checker reports drift by ids only AND no sensitive values"
GRAPH-AI-EVID-TUW-001,Evidence Pack graph facts enablement,R7,GRAPH-AI-EVID,C,S,GRAPH-CONSIST-CHECK-TUW-001,apps/api/src/modules/ai;apps/api/src/modules/graph,"graph_facts enabled only from authorized graph query AND R6 degraded contract updated"
GRAPH-GATE-REPORT-TUW-001,Knowledge Graph Gate report,R7,GRAPH-GATE-REPORT,H,S,GRAPH-AI-EVID-TUW-001,docs/ledger/gates,"R7 Gate evidence records permission wall consistency deleted sync and audit green"
CONTRACT-CLASSIFY-TUW-001,Contract type classifier,R8,CONTRACT-CLASSIFY,H,M,,apps/api/src/modules/contract-intel;workers/ingestion,"classifier uses deterministic local rules or R6 approved route AND unsupported types safe"
CONTRACT-CLAUSE-EXTRACT-TUW-001,Clause schema and RLS,R8,CONTRACT-CLAUSE-EXTRACT,H,M,CONTRACT-CLASSIFY-TUW-001,db/migrations;packages/shared/src/contract,"clauses and clause_chunks have tenant_id NOT NULL FORCE RLS AND provenance version ids"
CONTRACT-CLAUSE-EXTRACT-TUW-002,Clause extraction parser,R8,CONTRACT-CLAUSE-EXTRACT,H,M,CONTRACT-CLAUSE-EXTRACT-TUW-001,workers/ingestion;apps/api/src/modules/contract-intel,"parser extracts article paragraph definition boundaries AND original unchanged on failure"
CONTRACT-DEFINED-TERMS-TUW-001,Defined terms extractor,R8,CONTRACT-DEFINED-TERMS,H,S,CONTRACT-CLAUSE-EXTRACT-TUW-002,apps/api/src/modules/contract-intel,"defined terms link to clauses AND conflict cases flagged not overwritten"
CONTRACT-REDLINE-PARSE-TUW-001,Redline parser,R8,CONTRACT-REDLINE-PARSE,H,M,CONTRACT-DEFINED-TERMS-TUW-001,workers/ingestion;apps/api/src/modules/contract-intel,"redline parse records additions deletions by reference AND parser failure preserves original"
CONTRACT-PLAYBOOK-TUW-001,Playbook rule schema,R8,CONTRACT-PLAYBOOK,H,M,CONTRACT-REDLINE-PARSE-TUW-001,db/migrations;packages/shared/src/contract,"playbook_rules tenant scoped RLS AND rule changes audited"
CONTRACT-PLAYBOOK-TUW-002,Rule engine deterministic evaluator,R8,CONTRACT-PLAYBOOK,C,M,CONTRACT-PLAYBOOK-TUW-001,apps/api/src/modules/contract-intel,"same input same finding output AND unknown rule denies or flags unsupported"
CONTRACT-CLAUSEBANK-TUW-001,Clause bank API,R8,CONTRACT-CLAUSEBANK,H,M,CONTRACT-PLAYBOOK-TUW-002,apps/api/src/modules/contract-intel;apps/web/src,"clause bank enforces matter and tenant permission AND audit green"
CONTRACT-AI-EVID-TUW-001,Evidence Pack rule findings enablement,R8,CONTRACT-AI-EVID,C,S,CONTRACT-CLAUSEBANK-TUW-001,apps/api/src/modules/ai;apps/api/src/modules/contract-intel,"rule_findings enabled only from authorized rule output AND degraded contract updated"
CONTRACT-EVAL-GATE-TUW-001,Contract accuracy eval report,R8,CONTRACT-EVAL-GATE,H,S,CONTRACT-AI-EVID-TUW-001,tools/evalset;docs/reports,"clause extraction and rule reproducibility metrics recorded AND threshold pass"
CONTRACT-UI-TUW-001,Contract intelligence UI,R8,CONTRACT-UI,H,M,CONTRACT-EVAL-GATE-TUW-001,apps/web/src,"UI displays clauses findings and citations without raw hidden data AND route guarded"
CONTRACT-GATE-REPORT-TUW-001,Contract Intelligence Gate report,R8,CONTRACT-GATE-REPORT,H,S,CONTRACT-UI-TUW-001,docs/ledger/gates,"R8 Gate evidence records extraction accuracy parser safety rule reproducibility and regressions"
DD-RFI-MGMT-TUW-001,RFI schema and RLS,R9,DD-RFI-MGMT,H,M,,db/migrations;packages/shared/src/dd,"RFI tables tenant scoped RLS AND no outside access path"
DD-RFI-MGMT-TUW-002,RFI API,R9,DD-RFI-MGMT,H,M,DD-RFI-MGMT-TUW-001,apps/api/src/modules/dd;apps/web/src,"RFI create assign answer requires matter permission AND audited"
DD-ISSUE-RISK-TUW-001,DD issue schema,R9,DD-ISSUE-RISK,H,M,DD-RFI-MGMT-TUW-002,db/migrations;apps/api/src/modules/dd,"issues table tenant scoped RLS AND document links permission checked"
DD-ISSUE-RISK-TUW-002,Risk register,R9,DD-ISSUE-RISK,H,M,DD-ISSUE-RISK-TUW-001,apps/api/src/modules/dd;apps/web/src,"risk register supports severity status owner AND audit green"
DD-DATAROOM-MAP-TUW-001,Internal data room mapping,R9,DD-DATAROOM-MAP,C,M,DD-ISSUE-RISK-TUW-002,apps/api/src/modules/dd;apps/web/src,"mapping is internal only AND no link issue user invite or outside role flow exists"
DD-TRACE-TUW-001,RFI document issue traceability,R9,DD-TRACE,H,S,DD-DATAROOM-MAP-TUW-001,apps/api/src/modules/dd,"trace query links RFI document issue by ids AND permission scoped"
DD-UI-TUW-001,DD workspace UI,R9,DD-UI,H,M,DD-TRACE-TUW-001,apps/web/src,"DD UI route guarded AND hidden matter data absent for non members"
DD-GATE-REPORT-TUW-001,DD Vault Gate report,R9,DD-GATE-REPORT,H,S,DD-UI-TUW-001,docs/ledger/gates,"R9 Gate evidence records traceability internal only proof permission and audit regressions"
LIT-EVIDENCE-TUW-001,Evidence item schema,R10,LIT-EVIDENCE,H,M,,db/migrations;packages/shared/src/litigation,"evidence tables tenant scoped RLS AND document links permission checked"
LIT-EVIDENCE-TUW-002,Evidence intake API,R10,LIT-EVIDENCE,H,M,LIT-EVIDENCE-TUW-001,apps/api/src/modules/litigation,"evidence intake requires matter permission AND original document immutable"
LIT-FACTLEDGER-TUW-001,Fact ledger schema,R10,LIT-FACTLEDGER,H,M,LIT-EVIDENCE-TUW-002,db/migrations;apps/api/src/modules/litigation,"facts reference evidence ids AND audit append only"
LIT-FACTLEDGER-TUW-002,Fact ledger API,R10,LIT-FACTLEDGER,H,M,LIT-FACTLEDGER-TUW-001,apps/api/src/modules/litigation;apps/web/src,"fact CRUD requires matter permission AND changes audited"
LIT-ISSUETREE-TUW-001,Issue tree,R10,LIT-ISSUETREE,H,M,LIT-FACTLEDGER-TUW-002,apps/api/src/modules/litigation;apps/web/src,"issue tree nodes permission scoped AND source evidence links rechecked"
LIT-PLEADING-TUW-001,Pleading manager,R10,LIT-PLEADING,H,M,LIT-ISSUETREE-TUW-001,apps/api/src/modules/litigation;apps/web/src,"pleadings managed as internal documents AND no efiling or outside transmission"
LIT-UI-TUW-001,Litigation workspace UI,R10,LIT-UI,H,M,LIT-PLEADING-TUW-001,apps/web/src,"UI shows evidence facts issues pleadings with guarded routes"
LIT-GATE-REPORT-TUW-001,Litigation Vault Gate report,R10,LIT-GATE-REPORT,H,S,LIT-UI-TUW-001,docs/ledger/gates,"R10 Gate evidence records evidence fact issue pleading permission and audit regressions"
EXT-USER-TUW-001,External user activation,R11,EXT-USER,C,M,,db/migrations;apps/api/src/modules/external,"external_user login allowed only for portal scoped sessions AND tenant isolation green"
EXT-WORKSPACE-TUW-001,External workspace schema,R11,EXT-WORKSPACE,C,M,EXT-USER-TUW-001,db/migrations;apps/api/src/modules/external,"external workspaces tenant scoped RLS AND matter scoped permission enforced"
EXT-LINK-TUW-001,Secure link issue and revoke,R11,EXT-LINK,C,M,EXT-WORKSPACE-TUW-001,apps/api/src/modules/external;packages/shared/src/external,"secure links expire revoke and bind to subject AND unauthorized access denied"
EXT-WATERMARK-TUW-001,Watermark rendering,R11,EXT-WATERMARK,H,M,EXT-LINK-TUW-001,apps/api/src/modules/external;apps/api/src/modules/preview,"download and preview watermarks include bounded reference metadata AND no raw secret"
EXT-NDA-TUW-001,NDA gate,R11,EXT-NDA,C,M,EXT-WATERMARK-TUW-001,apps/api/src/modules/external;apps/web/src,"pre access NDA acceptance required AND declined users blocked"
EXT-DLP-WARN-TUW-001,External DLP warning enforcement,R11,EXT-DLP-WARN,C,M,EXT-NDA-TUW-001,apps/api/src/modules/external;apps/api/src/modules/dlp,"DLP warning policy enforced before link grant AND override audited"
EXT-QA-TUW-001,Portal Q and A,R11,EXT-QA,H,M,EXT-DLP-WARN-TUW-001,apps/api/src/modules/external;apps/web/src,"Q and A bound to workspace permission AND all messages audited"
EXT-AUDIT-TUW-001,External audit coverage,R11,EXT-AUDIT,C,S,EXT-QA-TUW-001,apps/api/src/modules/audit;tests/integration/audit-coverage,"view download link issue revoke NDA and Q and A events audited"
EXT-UI-TUW-001,External portal UI,R11,EXT-UI,H,M,EXT-AUDIT-TUW-001,apps/web/src,"portal route isolated from internal app shell AND session scope enforced"
EXT-GATE-REPORT-TUW-001,External Sharing Critical Gate report,R11,EXT-GATE-REPORT,C,S,EXT-UI-TUW-001,docs/ledger/gates,"R11 Gate evidence records expiry revoke watermark audit DLP NDA permission and tenant regressions"
RECORD-RETENTION-TUW-001,Retention policy schema,R12,RECORD-RETENTION,C,M,,db/migrations;packages/shared/src/records,"retention_policies tenant scoped RLS AND default indefinite retention preserved"
RECORD-HOLD-TUW-001,Legal hold table workflow,R12,RECORD-HOLD,C,M,RECORD-RETENTION-TUW-001,db/migrations;apps/api/src/modules/records,"legal_holds table syncs R2 flags AND create release audited"
RECORD-ARCHIVE-TUW-001,Archive workflow,R12,RECORD-ARCHIVE,H,M,RECORD-HOLD-TUW-001,apps/api/src/modules/records;apps/web/src,"archive transition preserves immutable objects AND permission checked"
RECORD-DISPOSAL-TUW-001,Disposal request workflow,R12,RECORD-DISPOSAL,C,M,RECORD-ARCHIVE-TUW-001,apps/api/src/modules/records,"disposal requires no active hold and approval state AND bypass denied"
RECORD-DISPOSAL-TUW-002,Disposal certificate,R12,RECORD-DISPOSAL,C,S,RECORD-DISPOSAL-TUW-001,apps/api/src/modules/records;docs/reports,"certificate records ids hashes approver and time AND no body"
RECORD-DISPOSAL-TUW-003,Controlled hard delete executor,R12,RECORD-DISPOSAL,C,M,RECORD-DISPOSAL-TUW-002,apps/api/src/modules/records;db/migrations,"hard delete exists only behind approved disposal executor AND hold blocks both soft and hard delete"
RECORD-AUDIT-TUW-001,Records audit coverage,R12,RECORD-AUDIT,C,S,RECORD-DISPOSAL-TUW-003,apps/api/src/modules/audit;tests/integration/audit-coverage,"RETENTION_POLICY_CHANGED LEGAL_HOLD_APPLIED DISPOSAL_EXECUTED coverage 100 percent"
RECORD-GATE-REPORT-TUW-001,Records Governance Gate report,R12,RECORD-GATE-REPORT,C,S,RECORD-AUDIT-TUW-001,docs/ledger/gates,"R12 Gate evidence records hold block disposal bypass zero and audit regressions"
ENT-SSO-SAML-TUW-001,SSO SAML skeleton,R13,ENT-SSO-SAML,H,M,,apps/api/src/modules/auth;apps/web/src,"SAML config is tenant scoped and disabled by default AND password login regression green"
ENT-SSO-SAML-TUW-002,SSO session mapping,R13,ENT-SSO-SAML,C,M,ENT-SSO-SAML-TUW-001,apps/api/src/modules/auth,"SAML assertion maps to existing user only AND unknown tenant or role denies"
ENT-BYOK-TUW-001,BYOK key registry,R13,ENT-BYOK,C,M,ENT-SSO-SAML-TUW-002,db/migrations;apps/api/src/modules/security,"key registry tenant scoped RLS AND secrets not committed or logged"
ENT-BYOK-TUW-002,BYOK encryption adapter,R13,ENT-BYOK,C,M,ENT-BYOK-TUW-001,apps/api/src/modules/storage,"adapter interface supports key id references AND failure blocks writes"
ENT-SIEM-TUW-001,SIEM export adapter,R13,ENT-SIEM,H,M,ENT-BYOK-TUW-002,apps/api/src/modules/audit;infra,"SIEM export sends whitelisted audit fields only AND retry audit references"
ENT-BACKUPDR-TUW-001,Backup and restore drills,R13,ENT-BACKUPDR,C,M,ENT-SIEM-TUW-001,infra;tools/db;docs/reports,"restore drill proves RLS audit triggers and migrations remain intact"
ENT-COMPLIANCE-TUW-001,Compliance readiness report,R13,ENT-COMPLIANCE,H,S,ENT-BACKUPDR-TUW-001,docs/reports,"SOC2 ISO readiness evidence maps controls to tests AND gaps tracked"
ENT-GATE-REPORT-TUW-001,Enterprise SaaS Readiness Gate report,R13,ENT-GATE-REPORT,C,S,ENT-COMPLIANCE-TUW-001,docs/ledger/gates,"R13 Gate evidence records SSO BYOK SIEM DR compliance and regressions"
SCALE-PERF-TUW-001,API performance baseline,R14,SCALE-PERF,H,M,,tools/perf;docs/reports,"key API p95 baseline measured under synthetic load AND thresholds recorded"
SCALE-PERF-TUW-002,Search and retrieval performance,R14,SCALE-PERF,H,M,SCALE-PERF-TUW-001,tools/perf;apps/api/src/modules/search,"search retrieval p95 measured with permission filters enabled AND no post filter"
SCALE-COST-TUW-001,Cost telemetry,R14,SCALE-COST,M,S,SCALE-PERF-TUW-002,apps/api/src/common/metrics;docs/reports,"storage queue model and compute cost metrics recorded without sensitive labels"
SCALE-EVAL-TUW-001,Large eval pipeline,R14,SCALE-EVAL,H,M,SCALE-COST-TUW-001,tools/evalset;docs/reports,"eval pipeline scales to approved corpus subset AND no real data committed"
SCALE-AI-TUW-001,Advanced AI approval gate,R14,SCALE-AI,C,M,SCALE-EVAL-TUW-001,apps/api/src/modules/ai;docs/adr,"non local model remains blocked unless approval gate evidence exists AND default route unchanged"
SCALE-MIGRATION-TUW-001,Tenant migration tooling,R14,SCALE-MIGRATION,C,M,SCALE-AI-TUW-001,tools/migration;apps/api/src/modules/tenant,"migration exports import tenant scoped data with hashes AND cross tenant restore blocked"
SCALE-LEARNING-TUW-001,Learning ledger automation,R14,SCALE-LEARNING,H,S,SCALE-MIGRATION-TUW-001,tools/ledger;docs/ledger,"PACK and Gate lessons summarized without sensitive text AND append only"
SCALE-GATE-REPORT-TUW-001,Scale and Learning Gate report,R14,SCALE-GATE-REPORT,C,S,SCALE-LEARNING-TUW-001,docs/ledger/gates,"R14 Gate evidence records performance cost eval migration learning blockers zero and full regression green"
